일련번호,의료기관명,병상수,소 재 지,개설주체_민간 또는공공,개설일자,구,행정동명
3735,㈜LG창원1공장부속의원,0,경상남도 창원시 성산구 성산패총로 170 (가음정동),민간,1994-01-31,성산구,가음정동
322,국립마산병원,354,"경상남도 창원시 마산합포구 가포로 215 (가포동, 국립마산병원)",공공,1946-06-01,마산합포구,가포동
839,임재영피부과의원,0,"경상남도 창원시 진해구 충장로 361, 401호 (경화동, 그랜드메디컬)",민간,2009-12-24,진해구,경화동
845,명성마취통증의학과의원,0,경상남도 창원시 진해구 충장로 361 (경화동),민간,2007-12-10,진해구,경화동
851,청음이비인후과의원,0,"경상남도 창원시 진해구 충장로 361, 그랜드메디컬 2층 201호 (경화동)",민간,2006-04-11,진해구,경화동
858,맑은눈안과의원,0,"경상남도 창원시 진해구 충장로 361, 301호 (경화동, 그랜드메디컬)",민간,2005-01-18,진해구,경화동
867,육내과의원,0,"경상남도 창원시 진해구 충장로 361, 2층 203호 (경화동, 그랜드메디컬)",민간,2003-01-02,진해구,경화동
881,성심의원,0,경상남도 창원시 진해구 경화시장로 9 (경화동),민간,1995-09-28,진해구,경화동
891,신비뇨기과의원,0,경상남도 창원시 진해구 충장로 333 (경화동),민간,1983-12-30,진해구,경화동
2293,노경태치과의원,0,"경상남도 창원시 진해구 충장로 361, 그랜드메디컬 5층 502호 (경화동)",민간,2019-11-01,진해구,경화동
2311,한마음치과의원,0,경상남도 창원시 진해구 충장로 351 (경화동),민간,2011-07-28,진해구,경화동
2340,김봉환치과의원,0,"경상남도 창원시 진해구 충장로 325 (경화동, 한빛프라자 208호)",민간,1984-09-26,진해구,경화동
3178,혜민한의원,0,"경상남도 창원시 진해구 병암로45번길 13-18, 지하1층 (경화동, 경화 보람 아름채 CITY)",민간,2015-04-08,진해구,경화동
3186,경화벚꽃한의원,0,경상남도 창원시 진해구 경화시장로 36-1 (경화동),민간,2009-08-17,진해구,경화동
3191,원광한의원,0,"경상남도 창원시 진해구 충장로 361, 302호 (경화동, 그랜드메디컬)",민간,2008-02-18,진해구,경화동
3194,클레오파트라한의원,0,경상남도 창원시 진해구 충장로297번길 1 (경화동),민간,2006-07-28,진해구,경화동
3208,세중당한의원,0,경상남도 창원시 진해구 충장로 325 (경화동),민간,1992-04-15,진해구,경화동
3212,설산한의원,0,경상남도 창원시 진해구 진해대로 625 (경화동),민간,1987-10-17,진해구,경화동
693,세인의원,0,"경상남도 창원시 마산합포구 교방시장2길 23 (교방동, 경남은행)",민간,2003-04-03,마산합포구,교방동
764,마산중앙의원,0,"경상남도 창원시 마산합포구 교방시장2길 21, 2층 210호 (교방동, 교방주공시장(주))",민간,1990-04-02,마산합포구,교방동
2267,박광현치과의원,0,"경상남도 창원시 마산합포구 교방시장2길 21 (교방동, 교방주공시장(주))",민간,1990-04-27,마산합포구,교방동
3097,성은한의원,0,경상남도 창원시 마산합포구 교방시장2길 21 (교방동),민간,2011-05-02,마산합포구,교방동
743,영남의원,0,경상남도 창원시 마산합포구 구산면 구산로 547 (새마을금고),민간,1998-11-09,마산합포구,구산면
5,의료법인청아의료재단청아병원,279,경상남도 창원시 마산회원구 내서읍 광려천서로 67 (청아병원),민간,2002-07-03,마산회원구,내서읍
54,서울아동병원,50,경상남도 창원시 마산회원구 내서읍 삼계로 2 (삼계웰빙프라자빌딩),민간,2007-03-12,마산회원구,내서읍
214,의료법인청록의료재단신세계요양병원,614,경상남도 창원시 마산회원구 내서읍 죽암로 89 (신세계요양병원),민간,2013-06-14,마산회원구,내서읍
327,의료법인청아의료재단동서병원,844,경상남도 창원시 마산회원구 내서읍 호원로 265 (동서병원),민간,1983-06-03,마산회원구,내서읍
598,내서바른재활의학과의원,0,"경상남도 창원시 마산회원구 내서읍 삼계로 7, 삼계 경남프라자 2층",민간,2019-05-09,마산회원구,내서읍
604,시원한통사랑외과의원,0,"경상남도 창원시 마산회원구 내서읍 삼계로 12, 4층 402호",민간,2018-09-13,마산회원구,내서읍
617,리엔신경과의원,0,경상남도 창원시 마산회원구 내서읍 삼계로 10 (튼튼한약국),민간,2016-02-29,마산회원구,내서읍
618,제니트비뇨기과의원,0,"경상남도 창원시 마산회원구 내서읍 삼계로 7, 경남프라자동 6층 (가나약국)",민간,2016-01-06,마산회원구,내서읍
621,새삼성내과의원,0,경상남도 창원시 마산회원구 내서읍 삼계4길 34,민간,2015-09-04,마산회원구,내서읍
637,쉬즈미의원,0,경상남도 창원시 마산회원구 내서읍 호원로 385,민간,2011-05-17,마산회원구,내서읍
640,하희근내과의원,0,경상남도 창원시 마산회원구 내서읍 삼계로 9 (남해횟집),민간,2010-03-09,마산회원구,내서읍
650,연세소아청소년과의원,0,경상남도 창원시 마산회원구 내서읍 광려천북로 184-1 (눈나라안경),민간,2008-11-07,마산회원구,내서읍
651,김현수이비인후과의원,0,경상남도 창원시 마산회원구 내서읍 삼계4길 17 (메디팜중앙약국),민간,2008-09-03,마산회원구,내서읍
655,행복한정형외과의원,0,경상남도 창원시 마산회원구 내서읍 호계본동로 17-2 (코오롱그랜드쇼핑),민간,2008-02-14,마산회원구,내서읍
662,유경식정형외과의원,0,경상남도 창원시 마산회원구 내서읍 삼계로 9 (남해횟집),민간,2006-11-22,마산회원구,내서읍
669,준이비인후과의원,0,경상남도 창원시 마산회원구 내서읍 삼계로 10 (튼튼한약국),민간,2006-03-22,마산회원구,내서읍
671,고운아이소아과의원,0,경상남도 창원시 마산회원구 내서읍 경남대로 937 (고운맘산부인과의원),민간,2006-01-13,마산회원구,내서읍
672,고운맘산부인과의원,0,경상남도 창원시 마산회원구 내서읍 경남대로 937 (고운맘산부인과의원),민간,2006-01-13,마산회원구,내서읍
673,편한수의원,0,경상남도 창원시 마산회원구 내서읍 상곡로 26-1 (열린약국),민간,2005-12-29,마산회원구,내서읍
676,최은석이비인후과의원,0,경상남도 창원시 마산회원구 내서읍 호계본동로 17-2 (코오롱그랜드쇼핑),민간,2005-09-09,마산회원구,내서읍
689,삼성안과의원,2,경상남도 창원시 마산회원구 내서읍 삼계로 12,민간,2004-02-09,마산회원구,내서읍
691,탑비뇨기과의원,0,경상남도 창원시 마산회원구 내서읍 경남대로 933,민간,2003-06-26,마산회원구,내서읍
697,큰사랑외과의원,2,경상남도 창원시 마산회원구 내서읍 삼계4길 17 (메디팜중앙약국),민간,2002-11-28,마산회원구,내서읍
704,류승환내과의원,0,경상남도 창원시 마산회원구 내서읍 삼계6길 14 (포인포),민간,2002-04-13,마산회원구,내서읍
711,삼성산부인과의원,0,경상남도 창원시 마산회원구 내서읍 호계본동로 17-2 (코오롱그랜드쇼핑),민간,2001-10-15,마산회원구,내서읍
715,삼성정형외과의원,0,경상남도 창원시 마산회원구 내서읍 삼계4길 34,민간,2001-06-27,마산회원구,내서읍
738,삼계중앙산부인과의원,0,경상남도 창원시 마산회원구 내서읍 삼계로 12,민간,1999-07-31,마산회원구,내서읍
744,명내과의원,0,경상남도 창원시 마산회원구 내서읍 삼계로 12,민간,1998-10-23,마산회원구,내서읍
745,성내과의원,0,경상남도 창원시 마산회원구 내서읍 상곡로 19 (신성네스트빌),민간,1998-09-28,마산회원구,내서읍
756,이민희내과의원,0,경상남도 창원시 마산회원구 내서읍 호계본동로 17-2 (코오롱그랜드쇼핑),민간,1993-05-06,마산회원구,내서읍
769,제일소아과의원,0,경상남도 창원시 마산회원구 내서읍 삼계5길 13 (삼계약국),민간,1989-03-09,마산회원구,내서읍
782,전근택피부과의원,0,경상남도 창원시 마산회원구 내서읍 상곡로 22 (중앙상가),민간,1985-06-08,마산회원구,내서읍
784,지상휘신경외과의원,0,경상남도 창원시 마산회원구 내서읍 호원로 180 (지상휘신경외과),민간,1985-05-10,마산회원구,내서읍
789,한국한센복지협회울산경남지부마산부설의원,0,경상남도 창원시 마산회원구 내서읍 호계본동로 33 (한국한센복지협회),민간,1984-02-06,마산회원구,내서읍
2175,상아치과의원,0,"경상남도 창원시 마산회원구 내서읍 호계본동로 17-2, 코오롱그랜드쇼핑",민간,2021-04-20,마산회원구,내서읍
2182,박치과의원,0,"경상남도 창원시 마산회원구 내서읍 호원로 160, 2층",민간,2018-01-04,마산회원구,내서읍
2196,미소365 치과의원,0,경상남도 창원시 마산회원구 내서읍 삼계로 7 (가나약국),민간,2014-09-15,마산회원구,내서읍
2205,마산탑치과의원,0,경상남도 창원시 마산회원구 내서읍 호계본동로 5,민간,2012-05-16,마산회원구,내서읍
2208,이편한치과의원,0,경상남도 창원시 마산회원구 내서읍 삼계로 9 (남해횟집),민간,2011-12-08,마산회원구,내서읍
2211,이튼치과의원,0,경상남도 창원시 마산회원구 내서읍 삼계로 2 (삼계웰빙프라자빌딩),민간,2011-02-21,마산회원구,내서읍
2222,웰빙치과의원,0,경상남도 창원시 마산회원구 내서읍 삼계로 2 (삼계웰빙프라자빌딩),민간,2007-08-21,마산회원구,내서읍
2224,뉴욕치과의원,0,경상남도 창원시 마산회원구 내서읍 중리상곡로 129 (파워콤),민간,2006-09-26,마산회원구,내서읍
2229,이사랑치과의원,0,경상남도 창원시 마산회원구 내서읍 호원로 361-3 (코오롱하늘채1차아파트),민간,2005-07-06,마산회원구,내서읍
2231,대동치과의원,0,경상남도 창원시 마산회원구 내서읍 광려로 37 (삼계대동이미지2차아파트),민간,2004-12-03,마산회원구,내서읍
2236,박민욱치과의원,0,경상남도 창원시 마산회원구 내서읍 호계본동로 17-2 (코오롱그랜드쇼핑),민간,2001-12-17,마산회원구,내서읍
2243,조양래치과의원,0,경상남도 창원시 마산회원구 내서읍 삼계로 10 (튼튼한약국),민간,1999-03-10,마산회원구,내서읍
2244,삼계미치과의원,0,경상남도 창원시 마산회원구 내서읍 삼계로 12,민간,1998-09-16,마산회원구,내서읍
2246,시은치과의원,0,경상남도 창원시 마산회원구 내서읍 호원로 226,민간,1997-06-20,마산회원구,내서읍
2257,상곡치과의원,0,경상남도 창원시 마산회원구 내서읍 상곡로 22 (중앙상가),민간,1994-12-19,마산회원구,내서읍
3080,삼대한의원,0,"경상남도 창원시 마산회원구 내서읍 상곡로 22, 4층 (중앙상가)",민간,2016-09-27,마산회원구,내서읍
3082,백세튼튼한의원,0,"경상남도 창원시 마산회원구 내서읍 삼계6길 8, 2층 202호",민간,2016-06-27,마산회원구,내서읍
3093,본한의원,0,경상남도 창원시 마산회원구 내서읍 상곡로 22 (중앙상가),민간,2012-06-01,마산회원구,내서읍
3110,편안한의원,0,"경상남도 창원시 마산회원구 내서읍 삼계로 2, 삼계웰빙프라자빌딩 3층",민간,2007-12-10,마산회원구,내서읍
3117,명성부부한의원,0,경상남도 창원시 마산회원구 내서읍 호원로 361-2 (코오롱하늘채1차아파트),민간,2005-06-14,마산회원구,내서읍
3123,숲속마을한의원,0,경상남도 창원시 마산회원구 내서읍 숲속로 20-1,민간,2003-09-26,마산회원구,내서읍
3124,몸사랑한의원,0,경상남도 창원시 마산회원구 내서읍 삼계4길 30 (오마이치킨),민간,2003-07-15,마산회원구,내서읍
3126,현대한의원,0,경상남도 창원시 마산회원구 내서읍 호원로 226,민간,2002-05-17,마산회원구,내서읍
3133,광해한의원,0,경상남도 창원시 마산회원구 내서읍 삼계4길 9 (홍삼나라),민간,2001-03-10,마산회원구,내서읍
3150,권한의원,0,경상남도 창원시 마산회원구 내서읍 호계본동로 17 (코오롱그랜드쇼핑),민간,1992-02-24,마산회원구,내서읍
3151,감로한의원,0,경상남도 창원시 마산회원구 내서읍 상곡로 46,민간,1991-12-24,마산회원구,내서읍
539,박외과의원,0,경상남도 창원시 의창구 대산면 주남로 574-8,민간,1999-02-20,의창구,대산면
549,혜민의원,0,경상남도 창원시 의창구 대산면 주남로 573,민간,1997-03-03,의창구,대산면
2103,성심치과의원,0,"경상남도 창원시 의창구 대산면 주남로 574-8, 2층",개인,2003-06-04,의창구,대산면
2999,우리조은한의원,0,경상남도 창원시 의창구 대산면 주남로 553,개인,2008-06-12,의창구,대산면
837,송림의원,0,"경상남도 창원시 진해구 동진로 138, 205호 (덕산동, 송림홈타운)",민간,2011-03-07,진해구,덕산동
3179,덕산한의원,0,"경상남도 창원시 진해구 동진로 146, 1층 (덕산동)",민간,2014-04-30,진해구,덕산동
194,동창원요양병원,265,"경상남도 창원시 의창구 동읍 의창대로 870-5, 동창원요양병원 1,2,3,4층 지하1층(103호)호",민간,2017-08-25,의창구,동읍
198,의료법인 자은의료재단 덕산요양병원,151,경상남도 창원시 의창구 동읍 의창대로 882,민간,2014-08-26,의창구,동읍
373,덕산의원,0,"경상남도 창원시 의창구 동읍 의창대로915번길 2, 청담빌딩 2층",민간,2018-04-02,의창구,동읍
432,우리정형외과의원,0,경상남도 창원시 의창구 동읍 의창대로 854,민간,2012-03-16,의창구,동읍
446,동화의원,0,경상남도 창원시 의창구 동읍 동읍로 5 (덕산빌딩2층),민간,2009-10-20,의창구,동읍
484,윤앤김연합의원,0,경상남도 창원시 의창구 동읍 자여로65번길 26 (2층),민간,2004-09-01,의창구,동읍
494,현대소아청소년과의원,0,경상남도 창원시 의창구 동읍 동읍로 1,민간,2003-06-25,의창구,동읍
552,정태기내과의원,29,"경상남도 창원시 의창구 동읍 동읍로 9 (2,3층)",민간,1996-09-04,의창구,동읍
2023,주남치과의원,0,"경상남도 창원시 의창구 동읍 용잠로 17-1, 더힐빌딩 2층",개인,2019-02-21,의창구,동읍
2095,수치과의원,0,경상남도 창원시 의창구 동읍 동읍로 6-1,개인,2005-06-30,의창구,동읍
2122,류치과의원,0,"경상남도 창원시 의창구 동읍 의창대로 854, 2층 201호 (동읍빌딩)",개인,1999-05-06,의창구,동읍
2153,동면치과의원,0,경상남도 창원시 의창구 동읍 동읍로 5,개인,1992-05-09,의창구,동읍
2937,신미재한의원,0,경상남도 창원시 의창구 동읍 용정길46번길 43,개인,2018-08-03,의창구,동읍
2978,신상호한의원,0,경상남도 창원시 의창구 동읍 의창대로 854,개인,2012-03-27,의창구,동읍
2996,수영한의원,0,경상남도 창원시 의창구 동읍 동읍로 5,개인,2009-02-04,의창구,동읍
3050,장생한의원,0,"경상남도 창원시 의창구 동읍 용잠로 35, 장생한의원",개인,1992-01-10,의창구,동읍
46,신마산서울아동병원,36,"경상남도 창원시 마산합포구 문화동15길 25 (창포동3가, 롯데빌리지)",민간,2012-04-02,마산합포구,문화동
2271,정미치과의원,0,경상남도 창원시 마산합포구 문화동4길 48 (월남동3가),민간,1988-07-19,마산합포구,문화동
196,시티요양병원,277,경상남도 창원시 의창구 대봉로26번길 12-3 (봉림동),민간,2015-06-03,의창구,봉림동
413,연세 안정우의원,0,경상남도 창원시 의창구 대봉로 24 (봉림동),민간,2014-01-28,의창구,봉림동
2049,휴먼시아치과의원,0,경상남도 창원시 의창구  대봉로  24 (봉림동),개인,2013-12-19,의창구,봉림동
2969,현대한의원,0,경상남도 창원시 의창구 대봉로 14 (봉림동),개인,2013-11-12,의창구,봉림동
223,의료법인정다운사람들의료재단정다운요양병원,290,"경상남도 창원시 마산회원구 봉양로 160 (봉암동, 정다운요양병원)",민간,2005-01-05,마산회원구,봉암동
718,봉암중앙의원,1,경상남도 창원시 마산회원구 봉암북4길 8 (봉암동),민간,2001-05-16,마산회원구,봉암동
2280,김봉이치과의원,0,"경상남도 창원시 마산회원구 봉양로 83, 4층 (봉암동)",민간,1986-04-16,마산회원구,봉암동
197,북면이화요양병원,245,경상남도 창원시 의창구 북면 천주로 1092,민간,2015-06-01,의창구,북면
201,행복한요양병원,415,경상남도 창원시 의창구 북면 천주로 785-1,민간,2008-06-23,의창구,북면
204,시립창원요양병원,182,경상남도 창원시 의창구 북면 단내로 499-32,공공,2002-12-13,의창구,북면
325,의료법인한길사랑의료재단현대사랑병원,299,경상남도 창원시 마산합포구 진북면 동삼길 314-25,민간,2011-07-06,마산합포구,북면
379,북면소아청소년과의원,0,경상남도 창원시 의창구 북면 동곡로 9,민간,2017-07-24,의창구,북면
382,시원이비인후과의원,0,"경상남도 창원시 의창구 북면 감계로 306, 2층 201호",민간,2017-06-12,의창구,북면
384,예담의원,0,"경상남도 창원시 의창구 북면 감계로110번길 54-39, 4층 403, 404호 (화진빌딩)",민간,2017-03-17,의창구,북면
385,북면감계안과의원,0,"경상남도 창원시 의창구 북면 감계로110번길 54-39, 5층 504호",민간,2017-03-02,의창구,북면
393,감계삼성내과의원,0,"경상남도 창원시 의창구 북면 감계로 300, 3층 302, 303호",민간,2016-03-11,의창구,북면
396,무동의원,0,경상남도 창원시 의창구 북면 동곡로 17 (2층 203호),민간,2015-12-21,의창구,북면
445,온소아청소년과이비인후과의원,0,경상남도 창원시 의창구 북면 감계로 304 (재성빌딩 204호),민간,2009-11-02,의창구,북면
517,예인소아청소년과의원,0,"경상남도 창원시 의창구 북면 감계로110번길 54-39, 4층 401,402호",민간,2001-08-01,의창구,북면
573,서일의원,0,경상남도 창원시 의창구 북면 천주로 1161,민간,1991-12-14,의창구,북면
2038,최우수치과의원,0,"경상남도 창원시 의창구 북면 감계로110번길 54-39 (화진빌딩 302,303,304호)",개인,2015-10-20,의창구,북면
2039,닥터함치과의원,0,경상남도 창원시 의창구 북면 감계로 300 (코아상가 401호),개인,2015-10-01,의창구,북면
2043,서울오치과의원,0,"경상남도 창원시 의창구 북면 동전로 63 (현대힐프라자 401호,402호)",개인,2015-01-02,의창구,북면
2044,감계뉴욕치과의원,0,경상남도 창원시 의창구 북면 감계로 304,개인,2014-11-14,의창구,북면
2074,예담치과의원,0,경상남도 창원시 의창구 북면 천주로 1107 (961-2 A동 1층),개인,2008-10-13,의창구,북면
2123,북면치과의원,0,경상남도 창원시 의창구 북면 천주로 1080,개인,1999-04-23,의창구,북면
2935,무동부부한의원,0,"경상남도 창원시 의창구 북면 무동로226번길 6-30, 한울빌딩 1층 102,103호",개인,2019-07-01,의창구,북면
2952,감계명한의원,0,"경상남도 창원시 의창구 북면 감계로 300 (402,403호)",개인,2016-06-10,의창구,북면
2979,북면한의원,0,경상남도 창원시 의창구 북면 신촌본포로 8,개인,2012-03-07,의창구,북면
3044,고운한의원,0,경상남도 창원시 의창구 북면 감계로 304 (재생빌딩301호),개인,1994-03-12,의창구,북면
376,창원동산의원,0,"경상남도 창원시 성산구 창이대로706번길 4-18, 창원동산병원 1층 (사파동)",민간,2018-01-23,성산구,사파동
474,삼성가정의학과의원,0,"경상남도 창원시 성산구 창이대로 733 (사파동, 사파동성아파트상가A동226,22호)",민간,2005-09-06,성산구,사파동
510,내외상시인의원,0,"경상남도 창원시 성산구 동산로 162 (사파동, 무궁화상가 2층)",민간,2002-03-15,성산구,사파동
541,최봉기내과의원,0,"경상남도 창원시 성산구 동산로 156 (사파동, 삼익종합상가)",민간,1999-01-16,성산구,사파동
2065,신세계치과의원,0,"경상남도 창원시 성산구 창이대로 733 (사파동, 사파동성아파트 상가 A동 305,306호)",개인,2010-08-09,성산구,사파동
2137,미래치과의원,0,"경상남도 창원시 성산구 동산로 166, 2층 201호 (사파동, 사파대동상가)",개인,1996-04-30,성산구,사파동
2155,하이치과의원,0,"경상남도 창원시 성산구 동산로 162 (사파동, 무궁화상가)",개인,1992-04-06,성산구,사파동
2167,정치원치과의원,0,"경상남도 창원시 성산구 동산로 156, 3층 305호 (사파동, 삼익종합상가)",개인,1989-05-03,성산구,사파동
2949,수성한의원,0,"경상남도 창원시 성산구 신사로 113, 1층 (사파동)",개인,2016-11-09,성산구,사파동
2983,우리한의원,0,경상남도 창원시 성산구 창이대로690번길 4-1 (사파동),개인,2011-06-21,성산구,사파동
3035,솔백한의원,0,경상남도 창원시 성산구 비음로 45 (사파동),개인,1997-08-08,성산구,사파동
3052,동방한의원,0,"경상남도 창원시 성산구 창이대로 733 (사파동, 사파동성아파트상가A동 302호)",개인,1991-12-04,성산구,사파동
3066,경희한의원,0,"경상남도 창원시 성산구 동산로 156, 삼익종합상가 2층 20호 (사파동)",개인,1989-04-29,성산구,사파동
606,와이즈미피부과의원,0,"경상남도 창원시 마산합포구 삼호로 45, 2층 (산호동)",민간,2018-03-08,마산합포구,산호동
608,서울대화외과의원,25,"경상남도 창원시 마산합포구 삼호로 45, 4, 5층 (산호동)",민간,2018-02-05,마산합포구,산호동
610,바른손길마취통증의학과의원,0,"경상남도 창원시 마산합포구 삼호로 45, 3층 (산호동)",민간,2017-12-07,마산합포구,산호동
634,참제일의원,0,"경상남도 창원시 마산합포구 용마로 51 (산호동, 참빛제일의원)",민간,2012-03-06,마산합포구,산호동
690,김현중신경외과의원,0,"경상남도 창원시 마산합포구 용마로 45 (산호동, 대우약국)",민간,2003-07-14,마산합포구,산호동
712,주의원,0,경상남도 창원시 마산합포구 허당로 50 (산호동),민간,2001-08-30,마산합포구,산호동
721,허성희산부인과의원,0,경상남도 창원시 마산합포구 합포로 243 (산호동),민간,2001-03-23,마산합포구,산호동
723,참빛의원,0,경상남도 창원시 마산합포구 삼호로 53 (산호동),민간,2001-03-02,마산합포구,산호동
725,강내과의원,0,경상남도 창원시 마산합포구 산호북6길 26 (산호동),민간,2000-12-23,마산합포구,산호동
737,사마리아산부인과의원,0,"경상남도 창원시 마산합포구 용마로 53 (산호동, 사마리아의원)",민간,1999-09-01,마산합포구,산호동
2187,노바플란트치과의원,0,"경상남도 창원시 마산합포구 산호동로 1 (산호동, 신한PLUS)",민간,2016-05-31,마산합포구,산호동
2192,연세엔씨치과의원,0,경상남도 창원시 마산합포구 삼호로 53 (산호동),민간,2015-06-01,마산합포구,산호동
2197,유플러스치과의원,0,경상남도 창원시 마산합포구 합포로 236 (산호동),민간,2014-06-19,마산합포구,산호동
2242,한마음치과의원,0,"경상남도 창원시 마산합포구 산호남로 1 (산호동, 산호빌딩)",민간,1999-07-05,마산합포구,산호동
2273,현대치과의원,0,"경상남도 창원시 마산합포구 삼호로 45, 501,601호 (산호동)",민간,1988-04-23,마산합포구,산호동
2278,산호치과의원,0,"경상남도 창원시 마산합포구 합포로 257 (산호동, 쌍쌍빌딩)",민간,1986-06-24,마산합포구,산호동
3083,여강한의원,0,"경상남도 창원시 마산합포구 합포로 120 (산호동, 파인플라자)",민간,2016-03-23,마산합포구,산호동
3106,창생한의원,0,"경상남도 창원시 마산합포구 산호북17길 48 (산호동, 창생한방병원)",민간,2009-02-02,마산합포구,산호동
3143,서일교한의원,0,경상남도 창원시 마산합포구 합포로 130 (산호동),민간,1996-05-01,마산합포구,산호동
3149,이병직한의원,0,"경상남도 창원시 마산합포구 산호동로 1 (산호동, 신한PLUS)",민간,1992-04-01,마산합포구,산호동
3156,윤한의원,0,"경상남도 창원시 마산합포구 용마로 88 (산호동, 윤한의원)",민간,1989-04-22,마산합포구,산호동
3158,고려당한의원,0,"경상남도 창원시 마산합포구 산호북1길 17, 2층 203.204호 (산호동, 삼성타운)",민간,1988-09-19,마산합포구,산호동
2,의료법인 한마음국제의료재단 한마음창원병원,376,경상남도 창원시 성산구 원이대로682번길 21 (상남동),민간,2002-04-01,성산구,상남동
33,모란여성병원,36,"경상남도 창원시 성산구 마디미서로 56 (상남동, 2,3,4,5,6,7,10층)",민간,2009-04-08,성산구,상남동
35,서울이비인후과병원,30,"경상남도 창원시 성산구 상남로 73 (상남동, 서울메디컬빌딩8,9,10층(1002호))",민간,2007-07-16,성산구,상남동
36,상남굿모닝내과병원,36,"경상남도 창원시 성산구 상남로 73 (상남동, 서울메디컬빌딩6,7층)",민간,2007-06-29,성산구,상남동
37,의료법인석경의료재단창원센텀병원,55,"경상남도 창원시 성산구 중앙대로 104 (상남동, 마이우스빌딩3층)",민간,2006-10-25,성산구,상남동
39,CNA서울아동병원,53,"경상남도 창원시 성산구 마디미서로 54 (상남동, 7,8,9,12층)",민간,2003-03-04,성산구,상남동
155,램브란트치과병원,0,"경상남도 창원시 성산구 상남로 73 (상남동, 서울메디컬빌딩5층)",민간,2007-07-06,성산구,상남동
176,라라한방병원,44,"경상남도 창원시 성산구 마디미서로 26, 한독빌딩 8층,9층,10층 1003호 (상남동)",민간,2020-04-27,성산구,상남동
179,당당한방병원,60,"경상남도 창원시 성산구 원이대로 674, 당당한방병원 지하1층, 3-8층 (상남동)",민간,2017-12-21,성산구,상남동
180,재단법인 자생의료재단 창원자생한방병원,66,"경상남도 창원시 성산구 원이대로682번길 8, SH빌딩 (상남동)",민간,2012-06-12,성산구,상남동
349,창원다나은마취통증의학과의원,0,"경상남도 창원시 성산구 마디미로4번길 1, 창원 Daily빌딩 5층 501-502호 (상남동)",민간,2021-06-29,성산구,상남동
351,엘리나의원,1,"경상남도 창원시 성산구 상남로 126, 세종M필드 7층 1호 (상남동)",민간,2021-05-28,성산구,상남동
358,창원리즈온의원,0,"경상남도 창원시 성산구 단정로 13, 에이스타워 4층 (상남동)",민간,2020-03-04,성산구,상남동
362,디엘의원,0,"경상남도 창원시 성산구 상남로 88, PWR빌딩 7층 701호 (상남동)",민간,2019-10-08,성산구,상남동
368,이화퀸의원,0,"경상남도 창원시 성산구 원이대로682번길 30, 신명PLAZA 3층 301, 302호 (상남동)",민간,2018-12-07,성산구,상남동
370,혜윰여성의원,2,"경상남도 창원시 성산구 상남로 107, 상남 큐비 메종드테라스 317호 (상남동)",민간,2018-07-05,성산구,상남동
372,키플러스의원,0,"경상남도 창원시 성산구 중앙대로100번길 9, 리베라컨벤션 4층 403호 (상남동)",민간,2018-06-08,성산구,상남동
374,상남더맑은내과의원,0,"경상남도 창원시 성산구 마디미로21번길 17, 상남동피아노빌딩 6층 601호 (상남동)",민간,2018-03-22,성산구,상남동
380,블리비의원,0,"경상남도 창원시 성산구 마디미서로 30, 3층 (상남동)",민간,2017-06-21,성산구,상남동
381,톡스앤필의원 창원점,0,"경상남도 창원시 성산구 중앙대로 104, 4층 405,406,407,408호 (상남동, 마이우스빌딩)",민간,2017-06-13,성산구,상남동
383,셀럽성형외과의원,0,"경상남도 창원시 성산구 마디미동로 31, 호동빌딩 5-6층 (상남동)",민간,2017-04-21,성산구,상남동
388,워킹재활의학과의원,0,"경상남도 창원시 성산구 원이대로 646, 5층 501,502,503호 (상남동, 에이스빌딩)",민간,2016-11-28,성산구,상남동
389,미시안안과의원,0,"경상남도 창원시 성산구 중앙대로 64, 신텍타워 4층 (상남동)",민간,2016-11-03,성산구,상남동
390,창원글로리안과의원,0,"경상남도 창원시 성산구 마디미서로 54, 3층 301호 (상남동, 서울아동병원)",민간,2016-09-08,성산구,상남동
391,뮤즈의원,0,"경상남도 창원시 성산구 단정로 13, 5층 502호 (상남동, 에이스타워)",민간,2016-07-19,성산구,상남동
392,이앤장피부과의원,0,"경상남도 창원시 성산구 상남로 118, 7층 702호 (상남동, CNN타워 702, 703호)",민간,2016-04-26,성산구,상남동
401,다니엘성형외과의원,0,"경상남도 창원시 성산구 상남로 126, 세종M필드 3층 301-302호 (상남동)",민간,2015-06-08,성산구,상남동
410,벨다드의원,0,경상남도 창원시 성산구 마디미서로 3 (상남동),민간,2014-03-04,성산구,상남동
415,하나이비인후과의원,0,"경상남도 창원시 성산구 동산로 124 (상남동, 성원주상가)",민간,2013-11-20,성산구,상남동
416,하이맨비뇨기과의원,1,경상남도 창원시 성산구 원이대로 664 (상남동),민간,2013-10-28,성산구,상남동
417,댄의원,0,"경상남도 창원시 성산구 원이대로682번길 14 (상남동, 삼광빌딩 5, 6층)",민간,2013-10-24,성산구,상남동
421,참정형외과의원,0,"경상남도 창원시 성산구 마디미로21번길 17, 상남동피아노빌딩 5층 (상남동)",민간,2013-02-22,성산구,상남동
424,엘리스의원,0,"경상남도 창원시 성산구 마디미서로 54 (상남동, 서울아동빌딩 501호)",민간,2012-12-14,성산구,상남동
427,리얼성형외과의원,0,경상남도 창원시 성산구 마디미서로 54 (상남동),민간,2012-06-12,성산구,상남동
428,레드성형외과의원,0,경상남도 창원시 성산구 상남로 132 (상남동),민간,2012-05-01,성산구,상남동
434,굿네스의원,0,"경상남도 창원시 성산구 중앙대로 114, 4층 (상남동, SC제일은행)",민간,2011-11-18,성산구,상남동
435,서울산부인과의원,0,"경상남도 창원시 성산구 원이대로 664 (상남동, 창원메디컬5,6층)",민간,2011-09-02,성산구,상남동
441,맑은피부과의원,0,"경상남도 창원시 성산구 원이대로 654 (상남동, 세인프라자3층)",민간,2010-04-20,성산구,상남동
442,하얀세상의원,0,"경상남도 창원시 성산구 원이대로 678 (상남동, 2층201호)",민간,2010-03-17,성산구,상남동
444,서울밸런스의원,0,"경상남도 창원시 성산구 상남로 73 (상남동, 서울메디컬센터 4층)",민간,2009-11-24,성산구,상남동
447,로뎀재활의학과의원,0,"경상남도 창원시 성산구 동산로 124, 5층 507-A, 507-B호호 (상남동, 성원그랜드쇼핑)",민간,2009-09-14,성산구,상남동
448,미즈유외과의원,4,경상남도 창원시 성산구 상남로 122 (상남동),민간,2009-08-05,성산구,상남동
451,송진호마취통증의학과의원,0,"경상남도 창원시 성산구 동산로 124, 성원아파트 성원종합상가 5층 519호 (상남동)",민간,2009-03-25,성산구,상남동
455,S성형외과의원,0,"경상남도 창원시 성산구 원이대로682번길 14 (상남동, 삼광빌딩301호)",민간,2008-07-18,성산구,상남동
457,미시안여성의원,0,"경상남도 창원시 성산구 중앙대로 64, 신텍타워 1층 102호 (상남동)",민간,2008-03-07,성산구,상남동
459,서울아이비안과의원,0,"경상남도 창원시 성산구 상남로 73 (상남동, 서울메디컬빌딩4층)",민간,2007-09-04,성산구,상남동
464,아인성형외과의원,0,"경상남도 창원시 성산구 상남로 118, 4층 402호 (상남동, CNN타워)",민간,2006-11-23,성산구,상남동
469,길흉부외과의원,4,"경상남도 창원시 성산구 마디미로21번길 17 (상남동, 피아노빌딩8층)",민간,2006-03-27,성산구,상남동
473,티아라의원,0,"경상남도 창원시 성산구 상남로 122 (상남동, 롯데메디컬6층)",민간,2005-09-15,성산구,상남동
477,선비뇨기과의원,2,"경상남도 창원시 성산구 마디미서로 26 (상남동, 한독빌딩11층)",민간,2005-06-10,성산구,상남동
485,초록내과의원,0,"경상남도 창원시 성산구 상남로 122 (상남동, 롯데메디컬10층)",민간,2004-07-20,성산구,상남동
486,화이트라인하얀피부과의원,0,"경상남도 창원시 성산구 마디미서로 26 (상남동, 한독빌딩5층)",민간,2004-06-10,성산구,상남동
496,이곤희가정의학과의원,0,"경상남도 창원시 성산구 마디미서로 51, 4층 401호 (상남동, 서울메디칼빌딩 4층 401호)",민간,2003-02-28,성산구,상남동
498,베스트의원,0,"경상남도 창원시 성산구 마디미서로 51 (상남동, 서울메디컬빌딩 3층)",민간,2002-11-18,성산구,상남동
503,밝은미래안과의원,4,"경상남도 창원시 성산구 상남로 122 (상남동, 롯데메디컬)",민간,2002-07-03,성산구,상남동
504,정비뇨기과의원,0,"경상남도 창원시 성산구 상남로 122 (상남동, 롯데메디컬)",민간,2002-07-03,성산구,상남동
514,이길수이비인후과의원,0,"경상남도 창원시 성산구 원이대로 666 (상남동, 금강빌딩)",민간,2001-11-05,성산구,상남동
516,정태호내과의원,0,"경상남도 창원시 성산구 동산로 124 (상남동, 성원그랜드쇼핑)",민간,2001-08-23,성산구,상남동
518,하얀나라피부과의원,0,"경상남도 창원시 성산구 마디미로21번길 17 (상남동, 피아노빌딩 3층)",민간,2001-04-18,성산구,상남동
522,창원연합내과영상의학과의원,0,"경상남도 창원시 성산구 원이대로 664 (상남동, 창원메디컬)",민간,2001-03-31,성산구,상남동
530,박승호방사선과의원,0,"경상남도 창원시 성산구 동산로 124 (상남동, 성원그랜드쇼핑)",민간,1999-08-31,성산구,상남동
531,파티마소아청소년과의원,0,"경상남도 창원시 성산구 동산로 124 (상남동, 성원그랜드쇼핑)",민간,1999-08-24,성산구,상남동
543,대항외과의원,8,"경상남도 창원시 성산구 원이대로 664, 7층 (상남동, 창원메디컬)",민간,1998-12-09,성산구,상남동
546,새롬의원,0,"경상남도 창원시 성산구 원이대로 654 (상남동, 세인프라자601호)",민간,1997-09-01,성산구,상남동
554,소리사랑이비인후과의원,0,"경상남도 창원시 성산구 동산로 124 (상남동, 성원그랜드쇼핑)",민간,1996-01-08,성산구,상남동
556,탁이비인후과의원,0,"경상남도 창원시 성산구 동산로 124 (상남동, 성원그랜드쇼핑)",민간,1995-08-17,성산구,상남동
559,대동외과의원,0,"경상남도 창원시 성산구 원이대로 716 (상남동, 대동메디칼)",민간,1995-04-06,성산구,상남동
562,박일순비뇨기과의원,0,"경상남도 창원시 성산구 동산로 124 (상남동, 성원그랜드쇼핑)",민간,1994-09-16,성산구,상남동
563,최상호소아청소년과의원,0,"경상남도 창원시 성산구 동산로 124 (상남동, 성원그랜드쇼핑)",민간,1994-09-01,성산구,상남동
569,고운피부과의원,0,경상남도 창원시 성산구 동산로 124 (상남동),민간,1992-04-28,성산구,상남동
570,최성근이비인후과의원,0,"경상남도 창원시 성산구 동산로 124 (상남동, 성원그랜드쇼핑)",민간,1992-03-03,성산구,상남동
571,유명호안과의원,0,"경상남도 창원시 성산구 동산로 124 (상남동, 성원그랜드쇼핑)",민간,1992-03-03,성산구,상남동
581,고외과의원,0,"경상남도 창원시 성산구 동산로 124 (상남동, 성원종합상가504호)",민간,1990-05-01,성산구,상남동
586,제민의원,0,경상남도 창원시 성산구 마디미로3번길 17 (상남동),민간,1985-01-30,성산구,상남동
643,우리들의원,0,"경상남도 창원시 마산합포구 천하장사로 87 (상남동, 우신뉴타워아파트)",민간,2009-12-14,마산합포구,상남동
653,회산흉부외과의원,0,"경상남도 창원시 마산합포구 북성로 99 (상남동, 동광빌딩)",민간,2008-08-01,마산합포구,상남동
775,마산제일외과의원,0,"경상남도 창원시 마산합포구 북성로 87 (상남동, 마산제일외과의원)",민간,1987-01-31,마산합포구,상남동
1960,마음편한정신건강의학과의원,0,"경상남도 창원시 성산구 동산로 124, 성원아파트 성원종합상가 5층 515호 (상남동)",민간,2019-12-30,성산구,상남동
1963,닥터진정신건강의학과의원,0,경상남도 창원시 성산구 원이대로 646 (상남동),민간,2013-06-24,성산구,상남동
1964,루이스정신건강의학과의원,0,"경상남도 창원시 성산구 마디미서로 26 (상남동, 한독빌딩)",민간,2013-01-03,성산구,상남동
1966,열린마음정신건강의학과의원,0,"경상남도 창원시 성산구 원이대로 652 (상남동, 롯데빌딩)",민간,2002-08-30,성산구,상남동
1967,이인섭정신건강의학과의원,0,"경상남도 창원시 성산구 상남로 122 (상남동, 롯데메디컬)",민간,2000-01-31,성산구,상남동
2011,국민45플란트치과의원,0,"경상남도 창원시 성산구 상남로 126, 6층 601-602호 (상남동)",개인,2021-04-07,성산구,상남동
2019,우가주치과의원,0,"경상남도 창원시 성산구 상남로 88, PWR빌딩 8층 (상남동)",개인,2020-03-05,성산구,상남동
2020,미소가득치과의원,0,"경상남도 창원시 성산구 마디미서로 54, 서울아동병원 5층 502호 (상남동)",개인,2020-02-28,성산구,상남동
2027,탄탄플란트치과의원,0,"경상남도 창원시 성산구 상남로 122, 롯데메디컬 4층 (상남동)",개인,2018-04-13,성산구,상남동
2028,서울연치과의원,0,"경상남도 창원시 성산구 상남로 132, 4층 (상남동)",개인,2018-03-12,성산구,상남동
2029,화이트이(e)치과의원,0,"경상남도 창원시 성산구 단정로 7, 밀레니엄타워 3층 (상남동)",개인,2018-01-17,성산구,상남동
2037,처음부터구강내과치과의원,0,"경상남도 창원시 성산구 상남로 118, 5층 501호 (상남동, CNN타워)",개인,2016-06-24,성산구,상남동
2040,연세샤인치과의원,0,"경상남도 창원시 성산구 원이대로 672 (상남동, 성인빌딩6층)",개인,2015-08-24,성산구,상남동
2041,아이사랑치과의원,0,"경상남도 창원시 성산구 중앙대로100번길 14 (상남동, 스타타워즈오피스텔201,202,203호)",개인,2015-08-03,성산구,상남동
2042,상남부부치과의원,0,"경상남도 창원시 성산구 마디미로21번길 17 (상남동, 피아노빌딩 7층)",개인,2015-05-06,성산구,상남동
2046,서울바른 치과교정과치과의원,0,"경상남도 창원시 성산구 중앙대로100번길 9 (상남동, 리베라컨벤션 5층)",개인,2014-05-30,성산구,상남동
2050,연세리더스치과교정과치과의원,0,"경상남도 창원시 성산구 중앙대로 114, SC제일은행 2층 (상남동)",개인,2013-09-13,성산구,상남동
2052,서울하얀나라치과의원,0,경상남도 창원시 성산구 마디미로21번길 17 (상남동),개인,2013-01-07,성산구,상남동
2054,예성윤치과의원,0,경상남도 창원시 성산구 원이대로 668 (상남동),개인,2012-05-29,성산구,상남동
2057,스카이치과의원,0,"경상남도 창원시 성산구 동산로 122 (상남동, 스카이웰빙파크210호)",개인,2012-01-02,성산구,상남동
2058,어울림치과의원,0,"경상남도 창원시 성산구 원이대로682번길 8 (상남동, SH빌딩401호)",개인,2011-12-20,성산구,상남동
2061,하희치과의원,0,경상남도 창원시 성산구 단정로 32 (상남동),개인,2011-05-16,성산구,상남동
2062,파티마치과의원,0,경상남도 창원시 성산구 동산로 124 (상남동),개인,2011-04-06,성산구,상남동
2063,유디치과의원,0,"경상남도 창원시 성산구 중앙대로 104 (상남동, 마이우스오피스텔202,203,204,205,206호)",개인,2011-02-16,성산구,상남동
2069,예미담치과의원,0,"경상남도 창원시 성산구 원이대로 670 (상남동, 삼육빌딩)",개인,2009-09-07,성산구,상남동
2071,림스치과의원,0,"경상남도 창원시 성산구 동산로 122 (상남동, 스카이웰빙파크)",개인,2009-01-29,성산구,상남동
2073,밝은미소치과의원,0,"경상남도 창원시 성산구 상남로 122 (상남동, 롯데메디컬)",개인,2008-10-30,성산구,상남동
2075,SM차치과의원,0,"경상남도 창원시 성산구 원이대로 654 (상남동, 세인프라자)",개인,2008-10-06,성산구,상남동
2076,나란e치과의원,0,"경상남도 창원시 성산구 원이대로 646 (상남동, 에이스빌딩)",개인,2008-05-30,성산구,상남동
2079,늘푸른치과의원,0,경상남도 창원시 성산구 원이대로 678 (상남동),개인,2008-01-10,성산구,상남동
2082,키즈라이크치과의원,0,경상남도 창원시 성산구 상남로 122 (상남동),개인,2007-11-19,성산구,상남동
2085,서울웰치과의원,0,"경상남도 창원시 성산구 원이대로 666 (상남동, 금강빌딩)",개인,2007-09-05,성산구,상남동
2102,굿모닝e치과의원,0,"경상남도 창원시 성산구 상남로 118 (상남동, CNN타워)",개인,2003-06-14,성산구,상남동
2110,함께하는치과의원,0,"경상남도 창원시 성산구 원이대로 716 (상남동, 대동메디칼)",개인,2002-11-18,성산구,상남동
2116,아름다운치과의원,0,"경상남도 창원시 성산구 원이대로 664 (상남동, 창원메디컬)",개인,2001-04-07,성산구,상남동
2118,쥬니어치과의원,0,"경상남도 창원시 성산구 동산로 124 (상남동, 성원그랜드쇼핑)",개인,2000-12-15,성산구,상남동
2126,김종하치과의원,0,"경상남도 창원시 성산구 동산로 124 (상남동, 성원그랜드쇼핑)",개인,1998-12-04,성산구,상남동
2129,예은치과의원,0,"경상남도 창원시 성산구 동산로 122 (상남동, 스카이웰빙파크203,204,205호)",개인,1998-06-26,성산구,상남동
2140,미치과교정과치과의원,0,"경상남도 창원시 성산구 상남로 118 (상남동, CNN타워)",개인,1995-05-29,성산구,상남동
2146,성심치과의원,0,"경상남도 창원시 성산구 동산로 124 (상남동, 성원그랜드쇼핑)",개인,1994-08-04,성산구,상남동
2150,나치과의원,0,"경상남도 창원시 성산구 동산로 124 (상남동, 성원그랜드쇼핑)",개인,1993-07-22,성산구,상남동
2161,하얀치과의원,0,"경상남도 창원시 성산구 동산로 124 (상남동, 성원그랜드쇼핑)",개인,1991-04-26,성산구,상남동
2163,하나치과의원,0,"경상남도 창원시 성산구 원이대로 648 (상남동, 상남오피스텔)",개인,1991-04-24,성산구,상남동
2165,미르치과의원,0,"경상남도 창원시 성산구 상남로 122, 상남메디컬 12층 (상남동)",개인,1991-03-02,성산구,상남동
2209,자연미소치과의원,0,경상남도 창원시 마산합포구 북성로 92 (상남동),민간,2011-05-18,마산합포구,상남동
2277,이무철치과의원,0,"경상남도 창원시 마산합포구 천하장사로 87 (상남동, 우신뉴타워아파트)",민간,1987-02-02,마산합포구,상남동
2932,경희리(Lee)한의원,0,"경상남도 창원시 성산구 동산로 124, 성원아파트 성원종합상가 5층 509호 (상남동)",개인,2020-05-18,성산구,상남동
2938,폴리한의원,0,"경상남도 창원시 성산구 상남로 107, 상남 큐비 메종드테라스 201,202호 (상남동)",개인,2018-06-26,성산구,상남동
2947,고든몸한의원,0,"경상남도 창원시 성산구 상남로 118, 3층 (상남동, CNN타워)",개인,2017-03-21,성산구,상남동
2948,코호한의원,0,"경상남도 창원시 성산구 중앙대로100번길 14, 2층 211,212호 (상남동, 스타타워즈오피스텔)",개인,2017-02-28,성산구,상남동
2951,해율한의원,0,"경상남도 창원시 성산구 마디미로21번길 17, 7층 701호 (상남동, 상남동피아노빌딩)",개인,2016-07-27,성산구,상남동
2953,자윤한의원창원점,0,"경상남도 창원시 성산구 원이대로 654, 4층층 402,403,404호 (상남동, 세인프라자)",개인,2016-05-19,성산구,상남동
2955,다산미즈한의원,0,"경상남도 창원시 성산구 원이대로 670 (상남동, 삼육빌딩2층)",개인,2016-02-11,성산구,상남동
2957,바른몸한의원,0,"경상남도 창원시 성산구 토월로 88 (상남동, 1층)",개인,2015-12-31,성산구,상남동
2963,동남정한의원,0,경상남도 창원시 성산구 마디미로3번길 10 (상남동),개인,2014-12-18,성산구,상남동
2965,생기한의원,0,경상남도 창원시 성산구 원이대로682번길 14 (상남동),개인,2014-07-08,성산구,상남동
2966,화동한의원,0,경상남도 창원시 성산구 동산로 122 (상남동),개인,2014-05-14,성산구,상남동
2967,하늘체한의원,0,"경상남도 창원시 성산구 단정로 13 (상남동, 에이스타워 2층)",개인,2014-04-22,성산구,상남동
2974,바른한의원,0,"경상남도 창원시 성산구 원이대로 646 (상남동, 에이스빌딩 401호)",개인,2012-10-05,성산구,상남동
2975,정겨운한의원,0,"경상남도 창원시 성산구 토월로 86 (상남동, 1층)",개인,2012-07-02,성산구,상남동
2981,하늘마음한의원,0,"경상남도 창원시 성산구 원이대로 668 (상남동, 2층)",개인,2011-10-17,성산구,상남동
2985,발머스한의원,0,"경상남도 창원시 성산구 원이대로 678 (상남동, 901호)",개인,2011-02-17,성산구,상남동
2986,드림한의원,0,"경상남도 창원시 성산구 동산로65번길 31, 1층 (상남동)",개인,2011-01-31,성산구,상남동
2988,우보한의원,0,"경상남도 창원시 성산구 마디미서로 54 (상남동, 서울아동병원)",개인,2010-07-01,성산구,상남동
2990,해아림한의원,0,"경상남도 창원시 성산구 마디미동로 25, 비전빌딩 6층 601호 (상남동)",개인,2010-05-31,성산구,상남동
2991,금한의원,0,"경상남도 창원시 성산구 마디미서로 68 (상남동, 창원시 새마을회관)",개인,2010-04-29,성산구,상남동
2994,토월한의원,0,"경상남도 창원시 성산구 원이대로 672 (상남동, 성인빌딩)",개인,2009-04-10,성산구,상남동
2995,더웰한의원,0,"경상남도 창원시 성산구 원이대로 666 (상남동, 금강빌딩)",개인,2009-03-05,성산구,상남동
3000,이레생한의원,0,"경상남도 창원시 성산구 중앙대로100번길 93 (상남동, 리베라컨벤션 4층)",개인,2008-01-17,성산구,상남동
3002,미동의보감한의원,0,"경상남도 창원시 성산구 원이대로 676 (상남동, 금탑빌딩)",개인,2007-11-02,성산구,상남동
3006,일맥한의원,0,"경상남도 창원시 성산구 원이대로 654 (상남동, 세인프라자 502호)",개인,2007-03-05,성산구,상남동
3011,함소아한의원,0,"경상남도 창원시 성산구 단정로 14 (상남동, 쌍둥이빌딩)",개인,2005-01-29,성산구,상남동
3015,튼튼꾸러기한의원,0,"경상남도 창원시 성산구 마디미서로 26 (상남동, 한독빌딩)",개인,2004-01-03,성산구,상남동
3024,동양한의원,0,"경상남도 창원시 성산구 원이대로 716 (상남동, 대동메디칼)",개인,2002-05-01,성산구,상남동
3029,문한의원,0,"경상남도 창원시 성산구 마디미로73번길 20, 402호 (상남동)",개인,2001-03-13,성산구,상남동
3030,세종한의원,0,"경상남도 창원시 성산구 동산로 124, 502-1호 (상남동, 성원주상가)",개인,1999-05-31,성산구,상남동
3033,실로암한의원,0,"경상남도 창원시 성산구 원이대로682번길 40, 상남위너스코아 802호 (상남동)",개인,1999-03-18,성산구,상남동
3037,씨엠씨창원한의원,0,"경상남도 창원시 성산구 원이대로 716 (상남동, 대동메디칼)",개인,1995-03-20,성산구,상남동
3039,창원한의원,0,"경상남도 창원시 성산구 상남로 89, 화신상가 1층 1-1,1-2,1-3,1-14,1-22,1-23호 (상남동)",개인,1995-02-08,성산구,상남동
3041,서상진한의원,0,"경상남도 창원시 성산구 동산로 124 (상남동, 성원그랜드쇼핑)",개인,1994-11-15,성산구,상남동
3047,자혜한의원,0,"경상남도 창원시 성산구 원이대로682번길 10 (상남동, 하버드)",개인,1992-12-09,성산구,상남동
3055,대동한의원,0,"경상남도 창원시 성산구 동산로 124 (상남동, 성원그랜드쇼핑)",개인,1991-07-18,성산구,상남동
3063,인제한의원,0,"경상남도 창원시 성산구 마디미로 2, 미도빌딩 2층 201호 (상남동)",개인,1989-08-29,성산구,상남동
3069,강남한의원,0,"경상남도 창원시 성산구 단정로 32 (상남동, 한사랑빌딩)",개인,1985-03-26,성산구,상남동
3079,더본한의원,0,"경상남도 창원시 마산합포구 북성로 102, 2층 (상남동)",민간,2016-09-27,마산합포구,상남동
3155,소담한의원,0,경상남도 창원시 마산합포구 북성로 90 (상남동),민간,1989-05-09,마산합포구,상남동
160,진해라온치과병원,0,경상남도 창원시 진해구 진해대로 765 (석동),민간,2012-01-27,진해구,석동
810,고운의원,0,"경상남도 창원시 진해구 냉천로 87, Y-Zone 4층 401,402호 (석동)",민간,2020-10-26,진해구,석동
834,한사랑외과의원,6,"경상남도 창원시 진해구 냉천로 101, 2층 (석동, 한사랑빌딩)",민간,2011-08-30,진해구,석동
838,석동내과연합의원,0,"경상남도 창원시 진해구 냉천로 91, 102호 (석동, 벚꽃메디칼상가)",민간,2010-12-29,진해구,석동
843,열린이비인후과의원,0,"경상남도 창원시 진해구 해원로 43, 601동 2층 (석동, 우림필유아파트)",민간,2008-04-14,진해구,석동
847,에이스비뇨기과의원,0,경상남도 창원시 진해구 냉천로 83 (석동),민간,2007-07-01,진해구,석동
850,서울신경과내과의원,0,"경상남도 창원시 진해구 냉천로 87, Y-Zone 3층 (석동)",민간,2006-07-25,진해구,석동
862,오성웅내과의원,0,"경상남도 창원시 진해구 냉천로 83, 203호 (석동, 석동메디칼빌딩)",민간,2004-03-03,진해구,석동
863,미래이비인후과의원,0,"경상남도 창원시 진해구 냉천로 91, 2층 (석동, 벚꽃메디칼상가)",민간,2004-01-27,진해구,석동
864,석동정형외과연합의원,0,"경상남도 창원시 진해구 냉천로 91, 102호 (석동, 벚꽃메디칼상가)",민간,2004-01-15,진해구,석동
868,류영철안과의원,0,"경상남도 창원시 진해구 냉천로 87, 203호 (석동, Y-Zone빌딩)",민간,2002-05-21,진해구,석동
869,권기호내과의원,0,경상남도 창원시 진해구 냉천로 69 (석동),민간,2002-03-27,진해구,석동
872,우리들의원,0,경상남도 창원시 진해구 냉천로 71 (석동),민간,2000-05-29,진해구,석동
874,새진해의원,9,"경상남도 창원시 진해구 냉천로 51, 1층 (석동, 진해메디칼)",민간,2000-01-14,진해구,석동
875,조은이비인후과의원,0,경상남도 창원시 진해구 냉천로 83 (석동),민간,2000-01-07,진해구,석동
2294,안종우통합치과의원,0,"경상남도 창원시 진해구 진해대로776번길 28, 진해농협종합회관(하나로마트) 1층 (석동)",민간,2019-09-10,진해구,석동
2295,벚꽃치과의원,0,"경상남도 창원시 진해구 진해대로 742, H빌딩 405호 (석동)",민간,2019-06-17,진해구,석동
2305,뿌리튼튼수치과의원,0,"경상남도 창원시 진해구 냉천로 93 (석동, 그린프라자 401호)",민간,2013-07-04,진해구,석동
2307,연치과의원,0,"경상남도 창원시 진해구 진해대로 762, 2층 (석동, 롯데마트진해점)",민간,2012-04-27,진해구,석동
2312,미소가득치과의원,0,"경상남도 창원시 진해구 냉천로 83, 4층 401, 403호 (석동, 석동메디티칼빌딩)",민간,2010-10-27,진해구,석동
2313,우리치과의원,0,"경상남도 창원시 진해구 냉천로 87 (석동, Y-ZONE빌딩 201)",민간,2010-07-28,진해구,석동
2318,기분좋은치과의원,0,"경상남도 창원시 진해구 해원로 45, 2층 207호 (석동, 우림필유)",민간,2008-05-23,진해구,석동
2319,한이태치과의원,0,"경상남도 창원시 진해구 냉천로 91, 3층 (석동, 벚꽃메디칼상가)",민간,2006-07-23,진해구,석동
2325,행복한치과의원,0,경상남도 창원시 진해구 냉천로 107 (석동),민간,2005-04-04,진해구,석동
2328,참조은치과의원,0,"경상남도 창원시 진해구 냉천로 83, 2층 202호 (석동, 석동메티칼빌딩)",민간,2003-05-01,진해구,석동
3172,서울부부한의원,0,"경상남도 창원시 진해구 진해대로776번길 28, 진해농협종합회관(하나로마트) 1층 (석동)",민간,2019-04-19,진해구,석동
3177,해인한의원,0,"경상남도 창원시 진해구 냉천로 83, 305호 (석동, 석동메티칼빌딩)",민간,2016-02-01,진해구,석동
3198,튼튼아이한의원,0,"경상남도 창원시 진해구 진해대로 762, 2층 (석동, 롯데마트)",민간,2005-03-14,진해구,석동
3206,경희한의원,0,"경상남도 창원시 진해구 냉천로 93, 302호 (석동, 그린프라자)",민간,1995-04-18,진해구,석동
3211,대자한의원,0,경상남도 창원시 진해구 돌리로6번길 26 (석동),민간,1990-04-04,진해구,석동
44,양덕서울아동병원,60,경상남도 창원시 마산회원구 양덕로 190 (석전동),민간,2016-10-10,마산회원구,석전동
45,서울병원,72,경상남도 창원시 마산회원구 3·15대로 653 (석전동),민간,2016-08-19,마산회원구,석전동
47,베스트수병원,85,"경상남도 창원시 마산회원구 양덕로 190 (석전동, 바른몸빌딩)",민간,2011-10-11,마산회원구,석전동
49,365병원,212,경상남도 창원시 마산회원구 3·15대로 686 (석전동),민간,2010-01-18,마산회원구,석전동
56,동마산병원,188,"경상남도 창원시 마산회원구 3·15대로 681 (석전동, 동마산병원)",민간,1983-02-25,마산회원구,석전동
158,라온치과병원,0,"경상남도 창원시 마산회원구 양덕로 194 (석전동, 영광약국)",민간,2010-05-17,마산회원구,석전동
181,365마산한방병원,65,"경상남도 창원시 마산회원구 3·15대로 686, 365병원 본관동 5,7,8,10층 501,701,801,1003호 (석전동)",민간,2021-02-01,마산회원구,석전동
221,의료법인승도의료재단메트로요양병원,199,경상남도 창원시 마산회원구 3·15대로 597 (석전동),민간,2007-09-14,마산회원구,석전동
607,마산역신통의원,0,"경상남도 창원시 마산회원구 마산역광장로 2, 2층 (석전동)",민간,2018-02-14,마산회원구,석전동
612,미앤미의원,0,"경상남도 창원시 마산회원구 양덕로 190, 7층 (석전동)",민간,2017-03-16,마산회원구,석전동
627,라파의원,0,"경상남도 창원시 마산회원구 석전동13길 18-30, 2층 (석전동)",민간,2013-05-21,마산회원구,석전동
680,신세계의원,0,경상남도 창원시 마산회원구 양덕서8길 9 (석전동),민간,2005-03-24,마산회원구,석전동
684,예일항맥외과의원,6,"경상남도 창원시 마산회원구 3·15대로 645 (석전동, 예일메디컬센터)",민간,2004-09-14,마산회원구,석전동
685,나래정형외과의원,0,"경상남도 창원시 마산회원구 3·15대로 662 (석전동, 나래정형외과)",민간,2004-08-17,마산회원구,석전동
686,예일내과의원,0,"경상남도 창원시 마산회원구 3·15대로 645 (석전동, 예일메디컬센터)",민간,2004-05-13,마산회원구,석전동
687,예일신경외과의원,0,"경상남도 창원시 마산회원구 3·15대로 645 (석전동, 예일메디컬센터)",민간,2004-04-26,마산회원구,석전동
692,우리소아과의원,0,경상남도 창원시 마산회원구 3·15대로 605 (석전동),민간,2003-04-24,마산회원구,석전동
707,석전의원,0,"경상남도 창원시 마산회원구 석전동5길 37 (석전동, 석전의원)",민간,2002-03-11,마산회원구,석전동
713,박내과의원,0,"경상남도 창원시 마산회원구 3·15대로 605-3 (석전동, 박의원)",민간,2001-08-01,마산회원구,석전동
728,예일안과의원,6,"경상남도 창원시 마산회원구 3·15대로 659 (석전동, 예일안과)",민간,2000-04-19,마산회원구,석전동
733,예일이비인후과의원,20,"경상남도 창원시 마산회원구 3·15대로 645 (석전동, 예일메디컬센터)",민간,2000-01-18,마산회원구,석전동
746,세인성형외과의원,0,"경상남도 창원시 마산회원구 3·15대로 645 (석전동, 예일메디컬센터)",민간,1998-07-10,마산회원구,석전동
753,박정형외과의원,0,"경상남도 창원시 마산회원구 3·15대로 605-3 (석전동, 박의원)",민간,1994-07-11,마산회원구,석전동
759,김안과의원,14,경상남도 창원시 마산회원구 3·15대로 669 (석전동),민간,1991-10-09,마산회원구,석전동
2183,마산뉴치과의원,0,"경상남도 창원시 마산회원구 마산역광장로 6, 903호 (석전동, 광통힐타운)",민간,2017-07-19,마산회원구,석전동
2188,미소율치과의원,0,"경상남도 창원시 마산회원구 3·15대로 664 (석전동, 청암빌딩)",민간,2016-04-26,마산회원구,석전동
2199,현치과의원,0,"경상남도 창원시 마산회원구 3·15대로 701 (석전동, 동진빌딩)",민간,2014-01-20,마산회원구,석전동
2200,유디치과의원,0,경상남도 창원시 마산회원구 마산역광장로 6 (석전동),민간,2013-12-09,마산회원구,석전동
2203,라온바른이치과의원,0,"경상남도 창원시 마산회원구 양덕로 194 (석전동, 영광약국)",민간,2012-07-09,마산회원구,석전동
2226,연세이사랑치과의원,0,"경상남도 창원시 마산회원구 3·15대로 650 (석전동, 건설공제조합)",민간,2006-04-14,마산회원구,석전동
2230,이병욱치과의원,0,"경상남도 창원시 마산회원구 3·15대로 605-3 (석전동, 박의원)",민간,2005-03-10,마산회원구,석전동
2241,황경룡치과의원,0,"경상남도 창원시 마산회원구 3·15대로 683 (석전동, 황치과)",민간,1999-12-14,마산회원구,석전동
2259,평화부부치과의원,0,"경상남도 창원시 마산회원구 3·15대로 645 (석전동, 예일메디컬센터)",민간,1993-04-30,마산회원구,석전동
2265,백치과의원,0,"경상남도 창원시 마산회원구 3·15대로 686 (석전동, 365병원)",민간,1990-06-05,마산회원구,석전동
3105,다산한의원,0,"경상남도 창원시 마산회원구 3·15대로 645 (석전동, 예일메디컬센터)",민간,2009-03-02,마산회원구,석전동
3107,이기태한의원,0,"경상남도 창원시 마산회원구 3·15대로 679-1 (석전동, 동마산한의원)",민간,2008-10-23,마산회원구,석전동
3114,신명한의원,0,경상남도 창원시 마산회원구 양덕서8길 9 (석전동),민간,2006-05-01,마산회원구,석전동
3159,국제한의원,0,"경상남도 창원시 마산회원구 석전동6길 49 (석전동, 서광빌라)",민간,1987-05-04,마산회원구,석전동
3164,의성한의원,0,"경상남도 창원시 마산회원구 석전남8길 66, 2층 (석전동)",민간,1984-10-17,마산회원구,석전동
1,창원경상국립대학교병원,533,"경상남도 창원시 성산구 삼정자로 11 (성주동, 창원경상대학교병원)",공공,2016-01-15,성산구,성주동
360,활기찬정형외과통증의학과의원,26,"경상남도 창원시 성산구 대암로 247, 더 스퀘어 A동 6층 (성주동)",민간,2020-01-07,성산구,성주동
386,연세봄의원,0,"경상남도 창원시 성산구 대암로 247, A동 2층 202, 203호 (성주동, 더스퀘어)",민간,2017-02-27,성산구,성주동
2030,성주늘푸른치과의원,0,"경상남도 창원시 성산구 대암로 247, 더 스퀘어 B206호 (성주동)",개인,2018-01-17,성산구,성주동
2035,행복한수치과의원,0,"경상남도 창원시 성산구 대암로 247, A동 302호 (성주동, 더스퀘어)",개인,2016-07-05,성산구,성주동
2059,창원유앤미치과의원,0,"경상남도 창원시 성산구 삼정자로43번길 2 (성주동, 성산빌딩502호)",개인,2011-12-06,성산구,성주동
2101,삼성치과의원,0,"경상남도 창원시 성산구 대암로 251 (성주동, 프리빌리지상가112동301,302호)",개인,2003-12-22,성산구,성주동
2943,꿈틀한의원,0,"경상남도 창원시 성산구 삼정자로43번길 8, 4층 (성주동, 성주빌딩)",개인,2017-09-07,성산구,성주동
2950,삼삼한의원,0,"경상남도 창원시 성산구 대암로 247, A402호 (성주동, 더스퀘어)",개인,2016-09-08,성산구,성주동
3731,한화디펜스(주)부속의원,0,경상남도 창원시 성산구 공단로 799 (성주동),민간,2009-09-07,성산구,성주동
229,늘푸른요양병원,214,경상남도 창원시 진해구 충장로 181 (여좌동),민간,2011-03-14,진해구,여좌동
830,중앙의원,0,"경상남도 창원시 진해구 충장로 129-1, 중앙의원 1층 (여좌동)",민간,2015-03-02,진해구,여좌동
831,문희건희망내과의원,0,"경상남도 창원시 진해구 충장로 133, 701호 (여좌동, 진해메디칼센타)",민간,2015-01-24,진해구,여좌동
860,한솔내과의원,6,경상남도 창원시 진해구 충장로 111 (여좌동),민간,2004-11-10,진해구,여좌동
861,미의원,0,"경상남도 창원시 진해구 충장로 133, 4층 (여좌동, 진해메디칼센타)",민간,2004-07-27,진해구,여좌동
870,김기민소아청소년과의원,0,경상남도 창원시 진해구 충장로 133 (여좌동),민간,2001-01-29,진해구,여좌동
873,공정형외과의원,0,"경상남도 창원시 진해구 충장로 133 (여좌동, 진해메디칼센타)",민간,2000-01-18,진해구,여좌동
877,조이비인후과의원,0,"경상남도 창원시 진해구 충장로 121, 2층 (여좌동)",민간,1999-04-30,진해구,여좌동
879,늘푸른산부인과의원,7,경상남도 창원시 진해구 충장로 163 (여좌동),민간,1999-02-22,진해구,여좌동
889,하비뇨기과의원,0,"경상남도 창원시 진해구 충장로 133 (여좌동, 진해메디칼센타 2층)",민간,1989-04-26,진해구,여좌동
890,진해안과의원,0,경상남도 창원시 진해구 충장로 131 (여좌동),민간,1985-02-27,진해구,여좌동
1982,최병훈정신건강의학과의원,0,경상남도 창원시 진해구 충장로 133 (여좌동),민간,1999-03-04,진해구,여좌동
2306,흰돌치과의원,0,"경상남도 창원시 진해구 충장로 121, 203호 (여좌동)",민간,2012-06-11,진해구,여좌동
2310,우치과의원,0,경상남도 창원시 진해구 충장로 91 (여좌동),민간,2011-07-29,진해구,여좌동
2316,뉴욕콜롬비아치과의원,0,경상남도 창원시 진해구 충장로 127 (여좌동),민간,2009-01-07,진해구,여좌동
2320,부민치과의원,0,경상남도 창원시 진해구 충장로 129 (여좌동),민간,2006-07-04,진해구,여좌동
2337,오병호치과의원,0,"경상남도 창원시 진해구 충장로 133, 5층 (여좌동, 진해메디칼센타)",민간,1990-05-01,진해구,여좌동
55,하나병원,99,경상남도 창원시 마산합포구 합포로 110 (오동동),민간,2000-05-06,마산합포구,오동동
208,한마음요양병원,272,"경상남도 창원시 마산합포구 오동동10길 73, 2-3층 (오동동, 서광아침의빛)",민간,2020-02-21,마산합포구,오동동
211,의료법인벽암의료재단 큰바다요양병원,170,경상남도 창원시 마산합포구 수산1길 262-2 (오동동),민간,2018-10-17,마산합포구,오동동
740,창동학문외과의원,9,"경상남도 창원시 마산합포구 문화의길 5 (오동동, 창동학문외과의원)",민간,1999-04-12,마산합포구,오동동
774,김태진피부과의원,0,"경상남도 창원시 마산합포구 합포로 82 (오동동, 김태진피부의원)",민간,1987-02-07,마산합포구,오동동
791,이피부과의원,0,"경상남도 창원시 마산합포구 오동동1길 2 (동성동, 이피부과의원)",민간,1983-04-07,마산합포구,오동동
797,한일정형외과의원,0,"경상남도 창원시 마산합포구 합포로 84 (오동동, 한일정형외과의원)",민간,1979-05-08,마산합포구,오동동
799,중앙신경외과의원,0,"경상남도 창원시 마산합포구 합포로 86-1 (오동동, 중앙신경외과의원)",민간,1977-05-19,마산합포구,오동동
800,정산부인과의원,0,경상남도 창원시 마산합포구 합포로 76 (오동동),민간,1977-04-30,마산합포구,오동동
801,김태욱안과의원,0,경상남도 창원시 마산합포구 합포로 76 (오동동),민간,1976-06-30,마산합포구,오동동
1974,송성민정신건강의학과의원,0,"경상남도 창원시 마산합포구 합포로 74-1 (오동동, 농협)",민간,2001-03-02,마산합포구,오동동
2181,아미치과의원,0,"경상남도 창원시 마산합포구 불종거리로 32, 2층,3층 (오동동)",민간,2018-03-09,마산합포구,오동동
2227,서울미치과의원,0,"경상남도 창원시 마산합포구 합포로 112 (오동동, 서울치과)",민간,2006-03-20,마산합포구,오동동
2282,시민치과의원,0,"경상남도 창원시 마산합포구 합포로 78 (오동동, 시민치과의원)",민간,1985-05-18,마산합포구,오동동
2287,김순근치과의원,0,"경상남도 창원시 마산합포구 합포로 76-2 (오동동, 김수근치과의원)",민간,1981-03-16,마산합포구,오동동
3091,서울여성한의원,0,"경상남도 창원시 마산합포구 해안대로 392 (오동동, 나라한의원)",민간,2013-07-31,마산합포구,오동동
3132,굿모닝한의원,0,"경상남도 창원시 마산합포구 합포로 86-1 (오동동, 중앙신경외과의원)",민간,2001-05-04,마산합포구,오동동
3168,서울한의원,0,"경상남도 창원시 마산합포구 해안대로 392 (오동동, 나라한의원)",민간,1973-06-14,마산합포구,오동동
2232,굿모닝치과의원,0,경상남도 창원시 마산합포구 고운로 175 (완월동),민간,2002-12-13,마산합포구,완월동
3072,범한의원,0,"경상남도 창원시 마산합포구 완월남로 10, 1층 (완월동)",민간,2019-04-08,마산합포구,완월동
3087,장군한의원,0,"경상남도 창원시 마산합포구 완월동5길 3, 2층 (장군동4가)",민간,2015-06-29,마산합포구,완월동
3145,소리청대남한의원,0,"경상남도 창원시 마산합포구 완월동16길 9 (장군동5가, 대남한의원)",민간,1995-06-29,마산합포구,완월동
3169,남일한의원,0,"경상남도 창원시 마산합포구 완월동7길 29 (장군동4가, 남일한의원)",민간,1971-10-26,마산합포구,완월동
814,서울센텀신경외과의원,0,"경상남도 창원시 진해구 웅천동로106번길 31, 센텀빌딩 3층 (남문동)",민간,2019-07-29,진해구,웅천동
819,남문내과의원,0,"경상남도 창원시 진해구 웅천동로 126, 제이원빌딩 2층 201,202호 (남문동)",민간,2018-10-18,진해구,웅천동
649,삼성내과의원,0,"경상남도 창원시 마산합포구 월영남로 42 (월영동, 대동아파트)",민간,2008-12-29,마산합포구,월영동
667,바른몸정형외과의원,0,"경상남도 창원시 마산합포구 월영동로 1 (해운동, 한미메디칼센타)",민간,2006-06-22,마산합포구,월영동
675,한미메디내과진단방사선과의원,25,"경상남도 창원시 마산합포구 월영동로 1 (해운동, 한미메디칼센타)",민간,2005-10-04,마산합포구,월영동
708,정규덕비뇨기과의원,0,"경상남도 창원시 마산합포구 월영동2길 3, 은아상가 4층 401·402호 (해운동)",민간,2002-01-02,마산합포구,월영동
2212,민트치과의원,0,"경상남도 창원시 마산합포구 월영동2길 3, 301호 (해운동)",민간,2010-12-17,마산합포구,월영동
2216,서울유민치과의원,0,"경상남도 창원시 마산합포구 월영남로 42 (월영동, 대동아파트)",민간,2008-04-18,마산합포구,월영동
2219,성심치과의원,0,"경상남도 창원시 마산합포구 월영동로 1 (해운동, 한미메디칼센타)",민간,2007-12-27,마산합포구,월영동
2249,하나부부치과의원,0,경상남도 창원시 마산합포구 월영동로 11 (해운동),민간,1996-12-31,마산합포구,월영동
3112,참사랑한의원,0,"경상남도 창원시 마산합포구 월영동4길 1, 참사랑한의원 2층 (해운동)",민간,2007-05-07,마산합포구,월영동
3113,건강만세한의원,0,경상남도 창원시 마산합포구 월영동로 5 (해운동),민간,2006-08-29,마산합포구,월영동
3138,신마산박한의원,0,"경상남도 창원시 마산합포구 월영남로 42 (월영동, 대동아파트)",민간,1998-08-24,마산합포구,월영동
3147,세원한의원,0,"경상남도 창원시 마산합포구 월영동16길 8, 2층 202호 (해운동)",민간,1994-07-05,마산합포구,월영동
3163,청송한의원,0,경상남도 창원시 마산합포구 월영동북로 10 (해운동),민간,1985-02-19,마산합포구,월영동
63,서울아동병원,43,"경상남도 창원시 진해구 진해대로776번길 27, 7,8층 (이동, 온메디컬센터)",민간,2007-04-05,진해구,이동
159,온치과병원,0,경상남도 창원시 진해구 진해대로776번길 27 (이동),민간,2010-11-30,진해구,이동
822,고은미래의원,0,"경상남도 창원시 진해구 진해대로776번길 27, 302호 (이동, 온메디컬센터)",민간,2016-12-22,진해구,이동
824,백내과의원,0,"경상남도 창원시 진해구 진해대로776번길 27, 402호 (이동, 온메디컬센터 )",민간,2016-08-26,진해구,이동
842,삼성비뇨기과의원,0,"경상남도 창원시 진해구 해원로 34, 301호 (이동, 예일빌딩)",민간,2008-05-07,진해구,이동
846,미즈여성의원,0,"경상남도 창원시 진해구 진해대로776번길 25, 4층 (이동, 상보빌딩)",민간,2007-09-28,진해구,이동
2317,진해어린이치과의원,0,"경상남도 창원시 진해구 해원로 34, 401호 (이동, 예일빌딩)",민간,2008-08-14,진해구,이동
2333,하얀치과의원,0,경상남도 창원시 진해구 충장로 425 (이동),민간,1999-03-09,진해구,이동
2334,애플치과의원,0,"경상남도 창원시 진해구 진해대로776번길 31, 2층 201호 (이동, 일루스빌)",민간,1998-05-07,진해구,이동
3182,봄한의원,0,"경상남도 창원시 진해구 진해대로776번길 27, 203호 (이동, 온메디칼)",민간,2012-10-04,진해구,이동
3184,사대한의원,14,경상남도 창원시 진해구 해원로32번길 16 (이동),민간,2010-01-27,진해구,이동
3195,약손한의원,0,경상남도 창원시 진해구 충장로 425 (이동),민간,2006-05-30,진해구,이동
225,의료법인영민의료재단소망노인전문병원,192,경상남도 창원시 마산합포구 무학로 402 (자산동),민간,2012-05-11,마산합포구,자산동
666,세화의원,0,"경상남도 창원시 마산합포구 자산서14길 95 (자산동, 상진힐프라자)",민간,2006-07-24,마산합포구,자산동
688,홍내과의원,0,"경상남도 창원시 마산합포구 자산삼거리로 2 (자산동, 남은빌딩)",민간,2004-03-03,마산합포구,자산동
776,녹십자의원,0,경상남도 창원시 마산합포구 자산남로 35 (자산동),민간,1986-09-09,마산합포구,자산동
2213,삼성치과의원,0,경상남도 창원시 마산합포구 자산삼거리로 28 (자산동),민간,2010-09-16,마산합포구,자산동
2225,자산치과의원,0,"경상남도 창원시 마산합포구 자산삼거리로 35 (자산동, 자산치과)",민간,2006-06-01,마산합포구,자산동
2274,한독치과의원,0,"경상남도 창원시 마산합포구 자산솔밭로 43 (자산동, 평화궁전아파트)",민간,1987-12-30,마산합포구,자산동
3081,자산몸사랑한의원,0,경상남도 창원시 마산합포구 자산삼거리로 34 (자산동),민간,2016-08-25,마산합포구,자산동
3137,양지한의원,0,경상남도 창원시 마산합포구 자산남로 35 (자산동),민간,1999-02-24,마산합포구,자산동
3157,자산한의원,0,"경상남도 창원시 마산합포구 자산삼거리로 18 (자산동, 자산한의원)",민간,1989-03-09,마산합포구,자산동
62,예인여성병원,31,경상남도 창원시 진해구 진해대로 958 (자은동),민간,2008-01-14,진해구,자은동
64,해군해양의료원,120,경상남도 창원시 진해구 진해대로963번길 35 (자은동),국립,1994-05-17,진해구,자은동
809,김가정의학과의원,0,"경상남도 창원시 진해구 장복대로 171, 다온빌딩 402호 (자은동)",민간,2021-02-01,진해구,자은동
826,흰토끼의원,0,"경상남도 창원시 진해구 진해대로 999, 201호 (자은동, 하이존)",민간,2016-06-24,진해구,자은동
829,상쾌한이비인후과의원,0,"경상남도 창원시 진해구 진해대로 999, 2층 (자은동, 하이존빌딩)",민간,2015-04-16,진해구,자은동
836,우리연합의원,0,경상남도 창원시 진해구 진해대로921번길 6 (자은동),민간,2011-04-18,진해구,자은동
841,박우생소아청소년과의원,0,"경상남도 창원시 진해구 풍호로 41 (자은동, 407호)",민간,2009-02-24,진해구,자은동
2297,황성수치과의원,0,"경상남도 창원시 진해구 진해대로 926, 3층 (자은동)",민간,2018-02-28,진해구,자은동
2300,정다운치과의원,0,"경상남도 창원시 진해구 냉천남로 3-28, 3층 302호 (자은동, S타워)",민간,2017-03-20,진해구,자은동
2301,E-타임치과의원,0,"경상남도 창원시 진해구 냉천남로 3, 302호 (자은동, 엠타워)",민간,2016-12-19,진해구,자은동
2303,서울네오치과의원,0,"경상남도 창원시 진해구 진해대로 999 (자은동, 하이존빌딩 204호)",민간,2015-09-02,진해구,자은동
2304,더나은치과의원,0,"경상남도 창원시 진해구 진해대로 973, 2층 (자은동)",민간,2013-11-07,진해구,자은동
3175,자은한의원,0,"경상남도 창원시 진해구 장복대로 141, 정우엠타워 3층 304호 (자은동)",민간,2018-02-23,진해구,자은동
3189,숨쉬는하구한의원,0,경상남도 창원시 진해구 냉천로126번길 17 (자은동),민간,2008-10-10,진해구,자은동
3199,김성민한의원,0,"경상남도 창원시 진해구 진해대로921번길 4, 201호 (자은동, 뉴시티빌딩)",민간,2003-11-02,진해구,자은동
4,근로복지공단 창원병원,267,경상남도 창원시 성산구 창원대로 721 (중앙동),공공,1979-11-26,성산구,중앙동
7,의료법인석영의료재단창원제일종합병원,233,경상남도 창원시 마산합포구 3·15대로 238 (중앙동3가),민간,2002-05-01,마산합포구,중앙동
8,경상남도마산의료원,298,경상남도 창원시 마산합포구 3·15대로 231 (중앙동3가),공공,1984-02-23,마산합포구,중앙동
29,구트병원,61,"경상남도 창원시 성산구 원이대로 578 (중앙동, 구트병원빌딩 8-12층)",민간,2015-01-28,성산구,중앙동
52,삼일정풍병원,200,"경상남도 창원시 마산합포구 3·15대로 162 (중앙동2가, 삼일정풍병원)",민간,2008-03-03,마산합포구,중앙동
53,무룹병원,80,"경상남도 창원시 마산합포구 3·15대로 243 (중앙동3가, 무룹병원)",민간,2007-05-09,마산합포구,중앙동
61,의료법인염광의료재단세광병원,160,경상남도 창원시 진해구 중원동로 55-1 (중앙동),민간,2008-04-07,진해구,중앙동
156,화인치과병원,0,"경상남도 창원시 성산구 중앙대로 99 (중앙동, 신한은행빌딩3,4,5층)",민간,2000-05-12,성산구,중앙동
220,경희요양병원,185,"경상남도 창원시 마산합포구 3·15대로 243, 7~11층 (중앙동3가)",민간,2007-10-29,마산합포구,중앙동
356,머리편한신경과의원,2,"경상남도 창원시 성산구 용지로133번길 3, 한서빌딩 7층 701호 (중앙동)",민간,2020-10-21,성산구,중앙동
359,더고운성형외과의원,0,"경상남도 창원시 성산구 용지로133번길 3, 한서빌딩 8층 (중앙동)",민간,2020-02-06,성산구,중앙동
361,더모젤의원,0,"경상남도 창원시 성산구 용지로133번길 3, 한서빌딩 6층 (중앙동)",민간,2019-12-16,성산구,중앙동
363,정용근내과의원,0,"경상남도 창원시 성산구 용지로133번길 3, 한서빌딩 2층 202호 (중앙동)",민간,2019-09-10,성산구,중앙동
364,한서여성의원,0,"경상남도 창원시 성산구 용지로133번길 3, 한서빌딩 4층 401호 (중앙동)",민간,2019-06-24,성산구,중앙동
365,서울성모정형외과의원,0,"경상남도 창원시 성산구 용지로133번길 3, 5층 501호 (중앙동)",민간,2019-06-21,성산구,중앙동
400,센텀산부인과의원,0,"경상남도 창원시 성산구 원이대로 578 (중앙동, 구트병원 빌딩 701호)",민간,2015-07-06,성산구,중앙동
423,새미래정형외과의원,22,경상남도 창원시 성산구 원이대로 578 (중앙동),민간,2013-01-17,성산구,중앙동
440,Dr 윤의원,0,"경상남도 창원시 성산구 중앙대로 123 (중앙동, 롯데마트4층)",민간,2010-12-29,성산구,중앙동
449,터직업환경의학과의원,0,"경상남도 창원시 성산구 중앙대로39번길 6 (중앙동, 제일상가 308-315호)",민간,2009-05-21,성산구,중앙동
538,인구보건복지협회경남지회 가족보건의원,0,"경상남도 창원시 성산구 외동반림로126번길 56 (중앙동, 신관1,2층,구관1층)",민간,1999-03-30,성산구,중앙동
588,정내과의원,0,"경상남도 창원시 성산구 용지로 102 (중앙동, 개나리상가3층)",민간,1980-01-31,성산구,중앙동
600,서울아산민피부과의원,0,"경상남도 창원시 마산합포구 3·15대로 261, 2층 (중앙동3가)",민간,2019-03-25,마산합포구,중앙동
622,중앙이비인후과의원,4,"경상남도 창원시 마산합포구 3·15대로 192 (중앙동2가, 중앙동메디칼)",민간,2015-02-11,마산합포구,중앙동
625,합포중앙의원,0,경상남도 창원시 마산합포구 3·15대로 189 (중앙동2가),민간,2013-09-23,마산합포구,중앙동
626,항도외과의원,10,"경상남도 창원시 마산합포구 3·15대로 255 (중앙동3가, 경남데파트)",민간,2013-07-25,마산합포구,중앙동
646,우일정형외과의원,20,"경상남도 창원시 마산합포구 3·15대로 192 (중앙동2가, 중앙동메디칼)",민간,2009-08-14,마산합포구,중앙동
658,심앤장내과의원,0,"경상남도 창원시 마산합포구 3·15대로 192 (중앙동2가, 중앙동메디칼)",민간,2007-08-07,마산합포구,중앙동
661,누리이비인후과의원,0,"경상남도 창원시 마산합포구 3·15대로 259 (중앙동3가, 경남한의사신협)",민간,2007-01-10,마산합포구,중앙동
717,서울정형외과의원,14,"경상남도 창원시 마산합포구 3·15대로 261, 3.4.6층 (중앙동3가)",민간,2001-06-01,마산합포구,중앙동
772,합포내과의원,0,경상남도 창원시 마산합포구 3·15대로 126 (중앙동1가),민간,1987-03-19,마산합포구,중앙동
1959,창원아이정신건강의학과의원,0,"경상남도 창원시 성산구 용지로133번길 3, 한서빌딩 10층 1001호 (중앙동)",민간,2020-11-02,성산구,중앙동
1961,창원정신건강의학과의원,0,"경상남도 창원시 성산구 원이대로 578, 구트병원빌딩 403호 (중앙동)",민간,2018-05-10,성산구,중앙동
1970,더행복한정신건강의학과의원,0,"경상남도 창원시 마산합포구 3·15대로 261, 6층 601호 (중앙동3가)",민간,2020-04-03,마산합포구,중앙동
2033,특편한치과의원,0,"경상남도 창원시 성산구 용지로133번길 5, 5층 (중앙동, 키다리빌딩 5층)",개인,2017-04-20,성산구,중앙동
2064,스마일100치과의원,0,"경상남도 창원시 성산구 중앙대로 123 (중앙동, 롯데마트4층)",개인,2010-12-29,성산구,중앙동
2091,e가지런한치과의원,0,"경상남도 창원시 성산구 용지로133번길 5 (중앙동, 키다리빌딩)",개인,2006-04-17,성산구,중앙동
2092,본치과의원,0,"경상남도 창원시 성산구 원이대로 608 (중앙동, 창원이마트)",개인,2006-03-06,성산구,중앙동
2093,센텀치과의원,0,"경상남도 창원시 성산구 용지로133번길 5 (중앙동, 키다리빌딩)",개인,2006-03-02,성산구,중앙동
2131,한서치과의원,0,"경상남도 창원시 성산구 용지로133번길 3, 한서빌딩 9층 901호 (중앙동)",개인,1998-02-26,성산구,중앙동
2164,서울치과의원,0,"경상남도 창원시 성산구 중앙대로 37 (중앙동, 경남오피스텔)",개인,1991-03-07,성산구,중앙동
2173,최영철치과의원,0,"경상남도 창원시 성산구 용지로 94 (중앙동, 올림피아상가)",개인,1983-10-29,성산구,중앙동
2185,모두치과의원,0,"경상남도 창원시 마산합포구 3·15대로 261, 5층 (중앙동3가)",민간,2017-01-26,마산합포구,중앙동
2220,연세씨엘치과의원,0,"경상남도 창원시 마산합포구 3·15대로 192 (중앙동2가, 중앙동메디칼)",민간,2007-12-21,마산합포구,중앙동
2223,월드치과의원,0,"경상남도 창원시 마산합포구 3·15대로 152 (중앙동2가, 득양빌딩)",민간,2007-02-27,마산합포구,중앙동
2233,미래치과의원,0,"경상남도 창원시 마산합포구 3·15대로 239 (중앙동3가, 경남건축사회관)",민간,2002-12-12,마산합포구,중앙동
2239,한일치과의원,0,"경상남도 창원시 마산합포구 3·15대로 255 (중앙동3가, 경남데파트)",민간,2000-11-10,마산합포구,중앙동
2240,경남치과의원,0,경상남도 창원시 마산합포구 3·15대로 156 (중앙동2가),민간,2000-04-19,마산합포구,중앙동
2247,이덕혜치과의원,0,"경상남도 창원시 마산합포구 3·15대로 130 (중앙동1가, 농협(신마산지점))",민간,1997-03-28,마산합포구,중앙동
2260,중앙미치과의원,0,경상남도 창원시 마산합포구 3·15대로 252 (중앙동3가),민간,1993-01-14,마산합포구,중앙동
2279,신영기치과의원,0,"경상남도 창원시 마산합포구 3·15대로 157-2 (중앙동2가, 신영기치과)",민간,1986-04-29,마산합포구,중앙동
2960,명인당한의원,0,"경상남도 창원시 성산구 중앙대로 123 (중앙동, 롯데마트 4층)",개인,2015-11-19,성산구,중앙동
2961,생명마루한의원,0,경상남도 창원시 성산구 용지로 49 (중앙동),개인,2015-08-03,성산구,중앙동
2962,휴한의원,0,"경상남도 창원시 성산구 원이대로 578 (중앙동, 구트병원 4층 401호,402호)",개인,2015-05-27,성산구,중앙동
3005,신영통부부한의원,0,"경상남도 창원시 성산구 용지로133번길 3, 한서빌딩 6층 601호 (중앙동)",개인,2007-06-18,성산구,중앙동
3017,자향한의원,0,"경상남도 창원시 성산구 용지로 83 (중앙동, SKY서비스센터)",개인,2003-09-04,성산구,중앙동
3034,청산한의원,0,"경상남도 창원시 성산구 용지로 95 (중앙동, 1층)",개인,1999-01-23,성산구,중앙동
3078,열린한의원,0,"경상남도 창원시 마산합포구 3·15대로 196, 2층 (중앙동2가)",민간,2016-12-20,마산합포구,중앙동
3102,태초한의원,0,"경상남도 창원시 마산합포구 3·15대로 180 (중앙동2가, 뿌리주산학원)",민간,2009-12-31,마산합포구,중앙동
3109,인제한의원,0,"경상남도 창원시 마산합포구 3·15대로 162 (중앙동2가, 삼일정풍병원)",민간,2008-03-03,마산합포구,중앙동
3116,혜인당한의원,0,"경상남도 창원시 마산합포구 3·15대로 219-4, 1층 (중앙동3가)",민간,2005-12-01,마산합포구,중앙동
3128,김영빈한의원,0,경상남도 창원시 마산합포구 3·15대로 156 (중앙동2가),민간,2002-04-19,마산합포구,중앙동
3131,송한의원,0,경상남도 창원시 마산합포구 3·15대로 259 (중앙동3가),민간,2002-02-22,마산합포구,중앙동
209,의료법인혜주의료재단 더편한요양병원,199,경상남도 창원시 마산합포구 진동면 삼진의거대로 826,민간,2018-11-22,마산합포구,진동면
596,정다운내과의원,0,경상남도 창원시 마산합포구 진동면 해양관광로 14,민간,2019-10-07,마산합포구,진동면
603,조수현의원,0,"경상남도 창원시 마산합포구 진동면 삼진의거대로 654, 진동농업협동조합 2층",민간,2018-12-24,마산합포구,진동면
616,서울명외과의원,0,경상남도 창원시 마산합포구 진동면 진북산업로 31,민간,2016-03-10,마산합포구,진동면
628,진동삼성내과의원,0,"경상남도 창원시 마산합포구 진동면 삼진의거대로 618, 2층",민간,2013-04-22,마산합포구,진동면
719,혜승의원,4,경상남도 창원시 마산합포구 진동면 해양관광로 20 (진동수산업협동조합),민간,2001-04-20,마산합포구,진동면
750,김의원,0,경상남도 창원시 마산합포구 진동면 서촌숲끝길 5 (김의원),민간,1997-05-16,마산합포구,진동면
752,이상훈의원,0,경상남도 창원시 마산합포구 진동면 삼진의거대로 634,민간,1995-05-10,마산합포구,진동면
2193,삼진치과의원,0,경상남도 창원시 마산합포구 진동면 삼진의거대로 640 (신약국),민간,2015-04-20,마산합포구,진동면
2198,진동우리치과의원,0,"경상남도 창원시 마산합포구 진동면 삼진의거대로 618, 2층",민간,2014-04-22,마산합포구,진동면
2245,진동치과의원,0,경상남도 창원시 마산합포구 진동면 삼진의거대로 644,민간,1997-07-09,마산합포구,진동면
3092,자인한의원,0,경상남도 창원시 마산합포구 진동면 진동사동로 6,민간,2013-03-20,마산합포구,진동면
3101,진동한의원,0,경상남도 창원시 마산합포구 진동면 삼진의거대로 644,민간,2010-06-08,마산합포구,진동면
3120,자연고려한의원,0,경상남도 창원시 마산합포구 진동면 신서촌로 55,민간,2004-07-23,마산합포구,진동면
3160,인수한의원,0,경상남도 창원시 마산합포구 진동면 서촌길 2 (포구정인수한의원),민간,1987-03-17,마산합포구,진동면
3737,경찰공제회부속경남의원,0,경상남도 창원시 마산합포구 진동면 진북산업로 90-1 (마산운전면허시험장),민간,1989-04-11,마산합포구,진동면
227,진해수요양병원,158,"경상남도 창원시 진해구 충장로 172 (충무동, 진해수요양병원)",민간,2016-04-04,진해구,충무동
228,참좋은요양병원,149,경상남도 창원시 진해구 충장로 154 (충무동),민간,2012-02-28,진해구,충무동
820,프라임본의원,0,"경상남도 창원시 진해구 충장로 140-1, 한일빌딩 1층 102호 (충무동)",민간,2018-06-26,진해구,충무동
832,복음외과의원,16,경상남도 창원시 진해구 충장로 162 (충무동),민간,2012-11-26,진해구,충무동
833,안이비인후과의원,0,경상남도 창원시 진해구 충장로 126 (충무동),민간,2012-05-10,진해구,충무동
844,진해파티마안과의원,0,경상남도 창원시 진해구 충장로 128 (충무동),민간,2008-01-15,진해구,충무동
876,정기문내과의원,4,경상남도 창원시 진해구 충장로 134-1 (충무동),민간,1999-11-06,진해구,충무동
878,진해프라임비뇨기과의원,0,"경상남도 창원시 진해구 충장로 130, 3층 (충무동)",민간,1999-03-22,진해구,충무동
880,이대원산부인과의원,0,"경상남도 창원시 진해구 충장로 140-1, 2층 (충무동, 한일빌딩)",민간,1996-05-04,진해구,충무동
883,임정식내과의원,0,경상남도 창원시 진해구 충장로 82 (충무동),민간,1994-03-12,진해구,충무동
884,양내과의원,0,"경상남도 창원시 진해구 충장로 126 (충무동, 김안과)",민간,1993-04-27,진해구,충무동
888,진해영상의학과의원,0,"경상남도 창원시 진해구 충장로 130, 2층 (충무동, 평화빌딩)",민간,1989-05-25,진해구,충무동
892,홍관식내과의원,0,경상남도 창원시 진해구 충장로 106-1 (충무동),민간,1983-05-03,진해구,충무동
2315,진해치과의원,0,경상남도 창원시 진해구 충장로 126 (충무동),민간,2009-02-06,진해구,충무동
2324,진해센텀치과의원,0,경상남도 창원시 진해구 충장로 128-1 (충무동),민간,2006-04-05,진해구,충무동
2332,성훈치과의원,0,"경상남도 창원시 진해구 충장로 134, 2층 (충무동, 김약국)",민간,2000-02-24,진해구,충무동
2336,김묵세치과의원,0,경상남도 창원시 진해구 충장로122-1 (충무동),민간,1995-04-25,진해구,충무동
2338,허영돈치과의원,0,"경상남도 창원시 진해구 충장로 130, 4층 (충무동)",민간,1986-05-19,진해구,충무동
3173,박사한의원,0,"경상남도 창원시 진해구 충장로 134, 3층 (충무동)",민간,2018-08-27,진해구,충무동
3183,홍복한의원,0,경상남도 창원시 진해구 충장로 116 (충무동),민간,2010-10-19,진해구,충무동
3197,은혜한의원,0,경상남도 창원시 진해구 충장로 128 (충무동),민간,2006-04-11,진해구,충무동
3188,샘터한의원,0,경상남도 창원시 진해구 태평로 37 (태평동),민간,2009-01-29,진해구,태평동
3210,편안한 속천한의원,0,경상남도 창원시 진해구 태평로 103 (태평동),민간,1990-08-30,진해구,태평동
816,코끼리마취통증의학과의원,0,"경상남도 창원시 진해구 풍호로3번길 4, 3층,4층 (풍호동)",민간,2019-03-25,진해구,풍호동
828,황재욱정형외과의원,0,"경상남도 창원시 진해구 풍호로 11 (풍호동, 신세계메디칼 4층)",민간,2015-06-12,진해구,풍호동
849,맑은샘내과의원,0,"경상남도 창원시 진해구 천자로413번길 5, 2층 (풍호동, 토원오피스텔상가)",민간,2007-02-28,진해구,풍호동
871,신세계의원,0,"경상남도 창원시 진해구 풍호로 11, 2층 (풍호동, 신세계빌딩)",민간,2000-09-22,진해구,풍호동
2321,이사랑치과의원,0,"경상남도 창원시 진해구 풍호로 5, 301호 (풍호동, 풍산빌딩)",민간,2006-05-08,진해구,풍호동
2327,현대치과의원,0,"경상남도 창원시 진해구 풍호로 11, 3층 (풍호동, 신세계빌딩)",민간,2004-04-19,진해구,풍호동
3204,한양한의원,26,경상남도 창원시 진해구 진해대로970번길 34 (풍호동),민간,2001-06-22,진해구,풍호동
3213,성도한의원,0,"경상남도 창원시 진해구 풍호로3번길 4 (풍호동, 푸른솔약국 2층)",민간,1986-03-20,진해구,풍호동
210,친절요양병원,192,"경상남도 창원시 마산합포구 현동로 38, 4-10층 (우산동)",민간,2018-11-13,마산합포구,현동
218,시립마산요양병원,291,경상남도 창원시 마산합포구 현동로 15 (우산동),공공,2008-10-30,마산합포구,현동
605,현동라온소아청소년과의원,0,"경상남도 창원시 마산합포구 현동1길 4-10, 2층 202호 (현동)",민간,2018-08-23,마산합포구,현동
613,서울가정의학과의원,0,"경상남도 창원시 마산합포구 현동4길 5, 3층 2, 3호 (현동)",민간,2016-09-13,마산합포구,현동
2184,올바른치과의원,0,"경상남도 창원시 마산합포구 현동로 111, 3층 301호 (현동)",민간,2017-05-23,마산합포구,현동
2189,퍼스트치과의원,0,"경상남도 창원시 마산합포구 현동로 50, 중앙빌딩동 3층 303호 (현동)",민간,2016-03-04,마산합포구,현동
2190,스마트치과의원,0,"경상남도 창원시 마산합포구 현동7길 28, 현동주상가동 4층 407호 (현동)",민간,2015-12-21,마산합포구,현동
3090,경희홍한의원,0,"경상남도 창원시 마산합포구 현동4길 5, 2층 204호 (현동)",민간,2013-09-02,마산합포구,현동
674,창원교도소의원,29,경상남도 창원시 마산회원구 송평로 39 (회성동),민간,2005-10-04,마산회원구,회성동
755,중앙의원,0,"경상남도 창원시 마산회원구 북성로 329 (회성동, 중앙의원)",민간,1994-02-26,마산회원구,회성동
771,김정암내과의원,0,"경상남도 창원시 마산회원구 북성로 309 (회성동, 김정남내과의원)",민간,1988-02-24,마산회원구,회성동
2263,노승태치과의원,0,"경상남도 창원시 마산회원구 북성로 329 (회성동, 중앙의원)",민간,1991-05-18,마산회원구,회성동
3111,청담한의원,0,경상남도 창원시 마산회원구 북성로 321 (회성동),민간,2007-11-20,마산회원구,회성동
367,좋은아침의원,0,"경상남도 창원시 성산구 원이대로863번길 26, IK빌딩 3층 (가음동)",민간,2019-04-17,성산구,가음정동
375,가온내과의원,0,"경상남도 창원시 성산구 가음로 88, 3~6층 (가음동)",민간,2018-01-24,성산구,가음정동
398,윤은숙산부인과의원,0,"경상남도 창원시 성산구 원이대로883번길 15-24 (가음동, 가음시장대상가 4층6호)",민간,2015-10-26,성산구,가음정동
418,스마일의원,0,"경상남도 창원시 성산구 가음로 100 (가음동,3층)",민간,2013-08-30,성산구,가음정동
535,유내과의원,0,"경상남도 창원시 성산구 원이대로883번길 15-24 (가음동, 가음시장대상가)",민간,1999-06-23,성산구,가음정동
555,녹십자의원,0,경상남도 창원시 성산구 원이대로883번길 15-34 (가음동),민간,1995-11-01,성산구,가음정동
576,안내과의원,2,"경상남도 창원시 성산구 대정로 33 (가음동, 황금상가)",민간,1991-02-19,성산구,가음정동
2032,이고치과의원,0,"경상남도 창원시 성산구 가음정로43번길 3, 4층 401,402호 (가음동, 더원빌딩)",개인,2017-06-09,성산구,가음정동
2034,닥터오치과의원,0,"경상남도 창원시 성산구 원이대로863번길 26, 4층 (가음동)",개인,2017-04-20,성산구,가음정동
2133,문치과의원,0,경상남도 창원시 성산구 원이대로863번길 32 (가음동),개인,1997-06-23,성산구,가음정동
2134,최웅재치과의원,0,"경상남도 창원시 성산구 대정로 33 (가음동, 황금상가)",개인,1997-05-16,성산구,가음정동
2171,이치과의원,0,"경상남도 창원시 성산구 대정로 31-4 (가음동, 가고파상가)",개인,1987-04-27,성산구,가음정동
2945,다인한의원,0,"경상남도 창원시 성산구 대정로 31-4, 203호 (가음동, 가고파상가)",개인,2017-05-12,성산구,가음정동
2946,박동수한의원,0,"경상남도 창원시 성산구 가음정로43번길 3, 5층 504.505호 (가음동, 가음정빌딩)",개인,2017-05-04,성산구,가음정동
2973,모아한의원,0,경상남도 창원시 성산구 원이대로863번길 28 (가음동),개인,2012-10-08,성산구,가음정동
3010,참조은한의원,0,경상남도 창원시 성산구 가음로 82 (가음동),개인,2005-07-29,성산구,가음정동
3060,오시오한의원,0,"경상남도 창원시 성산구 대정로35번길 10 (가음동, 오시오쇼핑)",개인,1989-11-23,성산구,가음정동
3061,박종철한의원,0,"경상남도 창원시 성산구 원이대로883번길 15-24 (가음동, 가음시장대상가)",개인,1989-11-23,성산구,가음정동
3214,중앙한의원,50,경상남도 창원시 진해구 진해대로648,민간,2021-03-06,진해구,경화동
2180,보석플란트치과의원,0,"경상남도 창원시 마산합포구 노산서18길 30, 2층 (교원동)",민간,2018-09-21,마산합포구,교방동
222,의료법인석영의료재단효도투석요양병원,104,"경상남도 창원시 마산회원구 3·15대로 878 (구암동, 효도병원)",민간,2005-02-01,마산회원구,구암2동
624,서울의원,0,경상남도 창원시 마산회원구 구암서6길 3 (구암동),민간,2013-10-29,마산회원구,구암2동
648,편한몸의원,0,"경상남도 창원시 마산회원구 구암남10길 26 (구암동, 경일의원)",민간,2009-01-09,마산회원구,구암2동
724,현대의원,0,"경상남도 창원시 마산회원구 구암서1길 51 (구암동, 문윤수치과의원)",민간,2000-12-29,마산회원구,구암2동
2256,김병석치과의원,0,경상남도 창원시 마산회원구 구암서6길 2 (구암동),민간,1995-04-03,마산회원구,구암2동
2268,문윤수치과의원,0,"경상남도 창원시 마산회원구 구암서1길 51 (구암동, 문윤수치과의원)",민간,1990-04-27,마산회원구,구암2동
3098,원자한의원,0,경상남도 창원시 마산회원구 구암서1길 43 (구암동),민간,2011-04-25,마산회원구,구암2동
3100,미즈아이구암한의원,0,"경상남도 창원시 마산회원구 3·15대로 954 (구암동, 동남프라자)",민간,2010-10-07,마산회원구,구암2동
3119,태양한의원,0,"경상남도 창원시 마산회원구 팔용로 270 (구암동, 인애원복지재단)",민간,2004-08-20,마산회원구,구암2동
40,창원중앙병원,150,경상남도 창원시 성산구 대암로 40-4 (남양동),민간,1995-03-09,성산구,남양동
369,성산라파의원,0,"경상남도 창원시 성산구 가음로15번길 50, 경동스포렉스 205호206호 (남양동)",민간,2018-08-22,성산구,남양동
408,서울연합의원,0,"경상남도 창원시 성산구 대암로 40-14 (남양동, 동양람세스빌 302.303호)",민간,2014-07-29,성산구,남양동
483,장진호마취통증의학과의원,0,"경상남도 창원시 성산구 가음로13번길 33 (남양동, 남양종합상가303호)",민간,2004-10-26,성산구,남양동
489,최이비인후과의원,0,"경상남도 창원시 성산구 가음로13번길 33 (남양동, 남양상가304호)",민간,2004-03-03,성산구,남양동
500,대화이비인후과가정의학과의원,0,"경상남도 창원시 성산구 대정로 77 (남양동, 성원1차아파트301,302,307,308호)",민간,2002-10-08,성산구,남양동
550,김준욱내과의원,0,"경상남도 창원시 성산구 대정로 102 (남양동, 개나리3차아파트)",민간,1996-10-16,성산구,남양동
567,육내과의원,0,"경상남도 창원시 성산구 가음로13번길 33 (남양동, 남양종합상가)",민간,1993-01-28,성산구,남양동
2026,삼성장학선치과의원,0,"경상남도 창원시 성산구 가음로13번길 33, 남양종합상가 503호 (남양동)",개인,2018-10-10,성산구,남양동
2051,현부부치과의원,0,경상남도 창원시 성산구 가음로15번길 38 (남양동),개인,2013-07-24,성산구,남양동
2096,연세편한치과의원,0,"경상남도 창원시 성산구 대정로 80 (남양동, 피오르빌아파트)",개인,2005-04-26,성산구,남양동
2128,박현정치과의원,0,"경상남도 창원시 성산구 대정로 102 (남양동, 개나리3차아파트)",개인,1998-11-12,성산구,남양동
2147,황상윤치과의원,0,"경상남도 창원시 성산구 가음로13번길 33 (남양동, 남양종합상가)",개인,1994-06-10,성산구,남양동
2154,바른이치과의원,0,"경상남도 창원시 성산구 대암로 40-14 (남양동, 동양람세스빌딩)",개인,1992-04-24,성산구,남양동
2157,한맷돌치과의원,0,"경상남도 창원시 성산구 대정로 77 (남양동, 성원1차아파트)",개인,1991-05-24,성산구,남양동
2956,현한의원,0,"경상남도 창원시 성산구 대정로 73 (남양동, 성원1차제상가동3층306호)",개인,2016-01-08,성산구,남양동
2964,남양열린한의원,0,경상남도 창원시 성산구 가음로13번길 33 (남양동),개인,2014-08-25,성산구,남양동
3021,단아안석림한의원,0,경상남도 창원시 성산구 가양로 100 (남양동),개인,2003-04-09,성산구,남양동
3026,행복한의원,0,"경상남도 창원시 성산구 가음로13번길 33 (남양동, 남양종합상가)",개인,2002-02-22,성산구,남양동
3042,혜인한의원,0,"경상남도 창원시 성산구 대암로 40-14 (남양동, 동양람세스빌딩)",개인,1994-07-25,성산구,남양동
3,재단법인대구포교성베네딕도수녀회창원파티마병원,441,경상남도 창원시 의창구 창이대로 45 (명서동),민간,1983-02-02,의창구,명곡동
32,the큰병원,79,"경상남도 창원시 의창구 우곡로217번길 10 (명서동, 지하1,2층지상2,3,4,5,6,7,8층)",민간,2009-11-23,의창구,명곡동
206,자비요양병원,72,"경상남도 창원시 의창구 우곡로217번길 6 (명서동, 2,3,4층)",민간,2006-08-09,의창구,명곡동
355,에스엘신경과의원,0,"경상남도 창원시 의창구 태복산로3번길 13, 에스엘빌딩 4층 (도계동)",민간,2021-03-19,의창구,명곡동
405,아이조아소아청소년과의원,0,경상남도 창원시 의창구 도계로 68 (도계동),민간,2014-10-14,의창구,명곡동
411,윤병구내과의원,0,"경상남도 창원시 의창구 원이대로189번길 42 (명서동, 부영상가 202호)",민간,2014-02-05,의창구,명곡동
419,숨편한내과의원,0,경상남도 창원시 의창구 우곡로217번길 6 (명서동),민간,2013-04-24,의창구,명곡동
452,한솔마취통증의학과의원,0,"경상남도 창원시 의창구 우곡로217번길 36 (명서동, 모리스빌딩3층)",민간,2009-03-19,의창구,명곡동
453,제일의원,0,"경상남도 창원시 의창구 도계로 69 (도계동, 세영빌딩2층)",민간,2008-12-26,의창구,명곡동
482,한솔내과의원,24,"경상남도 창원시 의창구 우곡로217번길 34 (명서동, 1,2,3,4층)",민간,2004-12-01,의창구,명곡동
495,창원마취통증의학과의원,0,"경상남도 창원시 의창구 명지로84번길 4 (명서동, 조아쇼핑202호)",민간,2003-05-24,의창구,명곡동
507,백승호가정의학과의원,0,"경상남도 창원시 의창구 도계로 57 (도계동, 도계중앙빌딩)",민간,2002-05-01,의창구,명곡동
540,김건용내과의원,0,"경상남도 창원시 의창구 원이대로189번길 38 (명서동, 한성상가)",민간,1999-01-23,의창구,명곡동
561,소병헌이비인후과의원,0,"경상남도 창원시 의창구 도계로 63 (도계동, 중앙상가연립)",민간,1995-03-08,의창구,명곡동
565,이부경내과의원,0,"경상남도 창원시 의창구 도계로 61 (도계동, 의창새마을금고)",민간,1993-07-28,의창구,명곡동
574,최익수의원,27,"경상남도 창원시 의창구 태복산로3번길 35 (도계동, 최익수의원)",민간,1991-03-16,의창구,명곡동
1969,이정표정신건강의학과의원,0,"경상남도 창원시 의창구 우곡로217번길 36 (명서동, 모리스빌딩)",민간,1991-01-30,의창구,명곡동
2022,365바른약속치과의원,0,"경상남도 창원시 의창구 원이대로56번길 2-41, 시스템빌딩 5층 501호 (도계동)",개인,2019-09-23,의창구,명곡동
2036,이좋은수치과의원,0,"경상남도 창원시 의창구 도계로60번길 1, 2층 (도계동, 복음약국)",개인,2016-06-30,의창구,명곡동
2056,굿위브치과의원,0,"경상남도 창원시 의창구 도계로 135 (명서동, 두산위브아파트)",개인,2012-03-15,의창구,명곡동
2081,청담치과의원,0,"경상남도 창원시 의창구 원이대로189번길 34 (명서동, 남천상가)",개인,2007-11-19,의창구,명곡동
2088,미소지움치과의원,0,"경상남도 창원시 의창구 도계로 66 (도계동, 정화빌딩)",개인,2007-05-15,의창구,명곡동
2098,오늘치과의원,0,"경상남도 창원시 의창구 도계로 63, 201호 (도계동, 중앙상가연립)",개인,2004-04-21,의창구,명곡동
2104,이튼튼치과의원,0,"경상남도 창원시 의창구 도계로 61 (도계동, 의창새마을금고)",개인,2003-05-15,의창구,명곡동
2132,청아치과의원,0,"경상남도 창원시 의창구 명지로 82-4 (명서동, 장원상가)",개인,1997-07-16,의창구,명곡동
2162,이편한치과의원,0,경상남도 창원시 의창구 도계로 58 (도계동),개인,1991-04-26,의창구,명곡동
2174,한솔세븐치과의원,0,"경상남도 창원시 의창구 우곡로217번길 36 (명서동, 모리스빌딩)",개인,1983-10-25,의창구,명곡동
2958,행복한백세한의원,0,"경상남도 창원시 의창구 도계로60번길 13-22 (도계동, 2층)",개인,2015-12-24,의창구,명곡동
2970,민강한의원,0,"경상남도 창원시 의창구 도계로 357-4 (도계동, 중앙상가연립 105호)",개인,2013-07-24,의창구,명곡동
2971,열린한의원,0,경상남도 창원시 의창구 명지로 82-4 (명서동),개인,2013-04-22,의창구,명곡동
2980,해밀한의원,0,"경상남도 창원시 의창구 도계로 57 (도계동, 중앙빌딩 2층 204호)",개인,2011-11-18,의창구,명곡동
2989,경희송암한의원,0,"경상남도 창원시 의창구 도계로 66 (도계동, 정화빌딩)",개인,2010-06-25,의창구,명곡동
3012,강한의원,0,"경상남도 창원시 의창구 태복산로15번길 42 (도계동, 진보빌딩)",개인,2004-12-24,의창구,명곡동
3018,도계한의원,0,"경상남도 창원시 의창구 도계로60번길 3 (도계동, 동의부부한의원)",개인,2003-07-15,의창구,명곡동
3040,현산한의원,0,"경상남도 창원시 의창구 원이대로219번길 30-3, 1층 (명서동)",개인,1995-01-09,의창구,명곡동
3057,성림한의원,0,"경상남도 창원시 의창구 도계로 52 (도계동, 성림한의원)",개인,1991-05-01,의창구,명곡동
3067,제생당한의원,0,"경상남도 창원시 의창구 원이대로189번길 34 (명서동, 남천상가)",개인,1989-03-25,의창구,명곡동
6,의료법인합포의료재단에스엠지연세병원,347,"경상남도 창원시 마산합포구 3·15대로 76 (월남동2가, 합포의료재단)",민간,2002-06-01,마산합포구,문화동
609,백이비인후과의원,0,"경상남도 창원시 마산합포구 해안대로 7, 경남은행 301, 304호 (월남동5가)",민간,2018-01-11,마산합포구,문화동
630,박영호내과의원,0,"경상남도 창원시 마산합포구 해안대로 7 (월남동5가, 경남은행)",민간,2012-10-22,마산합포구,문화동
638,상쾌한항맥외과의원,7,"경상남도 창원시 마산합포구 해안대로 7 (월남동5가, 경남은행)",민간,2010-06-10,마산합포구,문화동
663,비앤에스의원,0,"경상남도 창원시 마산합포구 해안대로 7 (월남동5가, 경남은행)",민간,2006-11-15,마산합포구,문화동
668,최이비인후과의원,0,경상남도 창원시 마산합포구 해안대로 3 (월남동5가),민간,2006-04-14,마산합포구,문화동
695,파티마마취통증의학과의원,0,"경상남도 창원시 마산합포구 해안대로 7 (월남동5가, 경남은행)",민간,2003-02-24,마산합포구,문화동
698,문창형내과의원,0,경상남도 창원시 마산합포구 3·15대로 12 (월남동5가),민간,2002-11-07,마산합포구,문화동
700,미래산부인과의원,28,"경상남도 창원시 마산합포구 3·15대로 32 (월남동4가, 미래산부인과)",민간,2002-07-16,마산합포구,문화동
732,세란정형외과의원,0,"경상남도 창원시 마산합포구 3·15대로 34 (월남동4가, 장원빌딩)",민간,2000-01-20,마산합포구,문화동
773,남마산외과의원,0,"경상남도 창원시 마산합포구 문화북1길 25-1 (두월동1가, 남마산외과의원)",민간,1987-02-21,마산합포구,문화동
2237,드림장치과의원,0,"경상남도 창원시 마산합포구 해안대로 7 (월남동5가, 경남은행)",민간,2001-09-01,마산합포구,문화동
2238,태일성치과의원,0,"경상남도 창원시 마산합포구 3·15대로 9, 월영 마크리움 주상복합 2층 212호 (월남동5가)",민간,2000-12-01,마산합포구,문화동
2261,정영한치과의원,0,"경상남도 창원시 마산합포구 해안대로 1 (월남동5가, 삼우빌딩)",민간,1991-11-14,마산합포구,문화동
3152,우리한의원,0,"경상남도 창원시 마산합포구 3·15대로 87 (월남동1가, 우리한의원)",민간,1991-10-08,마산합포구,문화동
27,희연병원,150,"경상남도 창원시 성산구 원이대로393번길 25, 케이프타운 4-5층 일부, 6층 지하1-2층 일부호 (반지동)",민간,2020-12-14,성산구,반송동
205,희연요양병원,417,"경상남도 창원시 성산구 원이대로393번길 25, 케이프타운 2-4층 일부, 지하1-2층 일부호 (반지동)",민간,2001-12-20,성산구,반송동
371,삼성비뇨기과의원,0,"경상남도 창원시 성산구 반송로 150, 화성메디칼빌딩 201호 (반림동)",민간,2018-06-29,성산구,반송동
394,희연의원,20,"경상남도 창원시 성산구 원이대로393번길 25, 5층 5001호 (반지동, 케이프타운)",민간,2016-03-08,성산구,반송동
402,서울윤소아청소년과의원,0,"경상남도 창원시 성산구 반송로 148-6, 미건빌딩 3층 302호 (반림동)",민간,2015-04-16,성산구,반송동
406,참사랑내과의원,0,"경상남도 창원시 성산구 원이대로473번길 22 (반림동, 반림상가 2층 1호)",민간,2014-09-30,성산구,반송동
407,참사랑소아청소년과의원,0,"경상남도 창원시 성산구 원이대로473번길 22 (반림동, 반림상가 3층 1호)",민간,2014-09-30,성산구,반송동
462,21세기내과의원,0,"경상남도 창원시 성산구 반송로 150 (반림동, 회성빌딩3층)",민간,2007-01-10,성산구,반송동
466,21세기정형외과의원,17,"경상남도 창원시 성산구 반송로 150 (반림동, 회성빌딩4,5층)",민간,2006-09-26,성산구,반송동
471,웅이비인후과의원,0,"경상남도 창원시 성산구 반송로 144 (반림동, 수영빌딩302호)",민간,2005-11-25,성산구,반송동
478,삼성연합의원,0,"경상남도 창원시 성산구 창원천로 288 (반지동, 대동그린코아207-210호,215호)",민간,2005-05-19,성산구,반송동
525,영남제통마취통증의학과의원,0,"경상남도 창원시 성산구 원이대로473번길 21 (반림동, 반림상가)",민간,2001-01-27,성산구,반송동
587,김선경외과 박찬모내과의원,0,"경상남도 창원시 성산구 원이대로473번길 13 (반림동, 2층)",민간,1983-05-28,성산구,반송동
2045,이앤치과의원,0,"경상남도 창원시 성산구 원이대로473번길 9, 노블파크아파트 2층 214.215.216호 (반림동)",개인,2014-08-18,성산구,반송동
2060,좋은하루치과의원,0,경상남도 창원시 성산구 반송로 150 (반림동),개인,2011-07-18,성산구,반송동
2077,노블치과의원,0,"경상남도 창원시 성산구 원이대로473번길 9 (반림동, 노블파크아파트)",개인,2008-05-09,성산구,반송동
2086,보스톤 치과의원,0,"경상남도 창원시 성산구 창원천로 288, 4층 402, 403호 (반지동, 대동아파트)",개인,2007-08-06,성산구,반송동
2089,오복치과의원,0,"경상남도 창원시 성산구 반송로 148-6 (반림동, 미건빌딩 2층)",개인,2006-07-07,성산구,반송동
2094,미소치과의원,0,"경상남도 창원시 성산구 창원천로 288, 대동그린코아상가  2층 226호 (반지동)",개인,2005-07-04,성산구,반송동
2125,현대치과의원,0,"경상남도 창원시 성산구 외동반림로 217 (반림동, 현대아파트)",개인,1998-12-17,성산구,반송동
2130,신치과의원,0,"경상남도 창원시 성산구 원이대로473번길 14 (반림동, 트리비앙아파트)",개인,1998-05-01,성산구,반송동
2148,반송치과의원,0,"경상남도 창원시 성산구 원이대로473번길 13 (반림동, dna빌딩)",개인,1994-05-21,성산구,반송동
2160,소망치과의원,0,"경상남도 창원시 성산구 반송로 144 (반림동, 수영빌딩)",개인,1991-05-02,성산구,반송동
2939,반림코숨한의원,0,"경상남도 창원시 성산구 반송로 148-6, 미건빌딩 3층 301호 (반림동)",개인,2018-03-19,성산구,반송동
2944,반지한의원,0,"경상남도 창원시 성산구 반지로 55, 1층 (반지동)",개인,2017-05-12,성산구,반송동
2976,행복한경희한의원,0,경상남도 창원시 성산구 원이대로473번길 21 (반림동),개인,2012-05-29,성산구,반송동
2993,반송한의원,0,"경상남도 창원시 성산구 원이대로473번길 20-3 (반림동, 신협상가)",개인,2009-06-15,성산구,반송동
3003,본한의원,0,경상남도 창원시 성산구 원이대로473번길 13 (반림동),개인,2007-10-31,성산구,반송동
3053,성심한의원,0,경상남도 창원시 성산구 원이대로473번길 24 (반림동),개인,1991-11-18,성산구,반송동
3065,서울한의원,0,"경상남도 창원시 성산구 반송로 144 (반림동, 수영빌딩)",개인,1989-08-11,성산구,반송동
213,의료법인예경의료재단예경요양병원,170,"경상남도 창원시 마산합포구 중앙서1길 25 (대성동2가, 예경노인병원)",민간,2013-12-02,마산합포구,반월중앙동
326,의료법인예경의료재단예경병원,299,"경상남도 창원시 마산합포구 중앙서1길 25 (대성동2가, 예경노인병원)",민간,2002-08-21,마산합포구,반월중앙동
594,서울삼성정형외과의원,0,"경상남도 창원시 마산합포구 합포로 21, IBK저축은행 3층 (수성동)",민간,2019-12-02,마산합포구,반월중앙동
2186,바른치과의원,0,"경상남도 창원시 마산합포구 합포로 21 (수성동, IBK저축은행)",민간,2017-01-16,마산합포구,반월중앙동
28,화사랑병원,62,"경상남도 창원시 의창구 용동로83번안길 3, 화사랑메디컬 3-5층 (사림동)",민간,2019-12-17,의창구,봉림동
38,허&리병원,84,"경상남도 창원시 의창구 지귀로 6 (봉곡동, 1,2,3,5,6층)",민간,2005-09-26,의창구,봉림동
177,예이재한방병원,41,"경상남도 창원시 의창구 용동로 45, 현대썬앤빌 더 스퀘어 A동 5-6층 (사림동)",민간,2020-04-17,의창구,봉림동
203,성미카엘요양병원,170,경상남도 창원시 의창구 사림로45번길 4-11 (사림동),민간,2006-10-13,의창구,봉림동
387,미즈맘산부인과의원,26,"경상남도 창원시 의창구 원이대로285번길 6, 4,5,6,7,10층 (봉곡동)",민간,2016-11-30,의창구,봉림동
425,세종내과영상의학과의원,14,경상남도 창원시 의창구 원이대로285번길 6 (봉곡동),민간,2012-08-02,의창구,봉림동
436,옥광휘신경외과의원,0,경상남도 창원시 의창구 원이대로285번길 5 (봉곡동),민간,2011-06-30,의창구,봉림동
472,서울가정의원,0,"경상남도 창원시 의창구 창이대로 203 (봉곡동, 101,102,105,106호)",민간,2005-11-14,의창구,봉림동
501,사림우리들의원,0,"경상남도 창원시 의창구 사림로 47 (사림동, 사림프라자)",민간,2002-07-25,의창구,봉림동
511,시민내과의원,0,"경상남도 창원시 의창구 원이대로 271 (봉곡동, 한마음타워)",민간,2002-03-02,의창구,봉림동
537,이현제니스의원,0,경상남도 창원시 의창구 지귀로 6 (봉곡동),민간,1999-04-24,의창구,봉림동
542,팽봉기정형외과의원,29,"경상남도 창원시 의창구 원이대로 269 (봉곡동, 한빛메디칼센터)",민간,1999-01-14,의창구,봉림동
545,연세이비인후과의원,0,"경상남도 창원시 의창구 원이대로 283 (봉곡동, 청마상가)",민간,1998-01-05,의창구,봉림동
558,조의제비뇨기과의원,0,"경상남도 창원시 의창구 원이대로 283 (봉곡동, 청마상가)",민간,1995-05-01,의창구,봉림동
560,곽이비인후과의원,0,"경상남도 창원시 의창구 창이대로309번길 7 (봉곡동, 중앙상가 202호)",민간,1995-03-28,의창구,봉림동
564,차내과의원,3,"경상남도 창원시 의창구 원이대로 283, 2층 206호 (봉곡동, 청마상가)",민간,1994-04-19,의창구,봉림동
575,최재선안과의원,0,"경상남도 창원시 의창구 원이대로 283 (봉곡동, 청마상가)",민간,1991-02-19,의창구,봉림동
577,참예쁜의원,0,"경상남도 창원시 의창구 원이대로 283 (봉곡동, 청마상가)",민간,1990-12-05,의창구,봉림동
578,조내과의원,0,"경상남도 창원시 의창구 창이대로309번길 11 (봉곡동, 쌍둥이상가B동2층)",민간,1990-11-30,의창구,봉림동
582,봉의원,0,경상남도 창원시 의창구 창이대로 201 (봉곡동),민간,1989-04-18,의창구,봉림동
2013,다온구강악안면외과치과의원,0,"경상남도 창원시 의창구 지귀로 6, 4층 403,404,405호 (봉곡동)",개인,2020-07-22,의창구,봉림동
2047,뿌리내린치과의원,0,경상남도 창원시 의창구 원이대로285번길 5 (봉곡동),개인,2014-02-26,의창구,봉림동
2070,참조은치과의원,0,"경상남도 창원시 의창구 창이대로 201 (봉곡동, 수득빌딩)",개인,2009-05-27,의창구,봉림동
2083,하늘치과의원,0,"경상남도 창원시 의창구 사림로 47 (사림동, 사림프라자)",개인,2007-11-02,의창구,봉림동
2099,행복치과의원,0,"경상남도 창원시 의창구 원이대로 283 (봉곡동, 청마빌딩208호)",개인,2004-04-16,의창구,봉림동
2105,한마음치과의원,0,"경상남도 창원시 의창구 원이대로 269 (봉곡동, 한빛메디칼센터)",개인,2003-04-19,의창구,봉림동
2111,김석훈치과의원,0,"경상남도 창원시 의창구 봉곡로123번길 7 (봉곡동, 봉곡빌딩)",개인,2002-11-11,의창구,봉림동
2121,명곡치과의원,0,"경상남도 창원시 의창구 원이대로 275 (봉곡동, 국민은행 명곡지점)",개인,1999-08-31,의창구,봉림동
2141,우리가족치과의원,0,"경상남도 창원시 의창구 창이대로 203, 지예빌딩 2층 (봉곡동)",개인,1995-05-01,의창구,봉림동
2142,수정치과의원,0,"경상남도 창원시 의창구 원이대로 283 (봉곡동, 청마상가)",개인,1995-05-01,의창구,봉림동
2152,서린치과의원,0,"경상남도 창원시 의창구 창이대로309번길 5, 2층 201호 (봉곡동, 낙원상가)",개인,1992-07-31,의창구,봉림동
2942,힐링한의원,0,경상남도 창원시 의창구 사림로 107 (봉곡동),개인,2017-09-14,의창구,봉림동
2984,예안한의원,0,"경상남도 창원시 의창구 사림로45번길 1, 2층 (봉곡동, 동진자동차정비)",개인,2011-03-25,의창구,봉림동
3023,무궁화한의원,0,"경상남도 창원시 의창구 봉곡로123번길 10, 1층 (봉곡동)",개인,2003-03-20,의창구,봉림동
3028,우리들한의원,0,경상남도 창원시 의창구 봉곡로124번길 1 (봉곡동),개인,2001-08-17,의창구,봉림동
3032,동서한의원,0,"경상남도 창원시 의창구 원이대로 269 (봉곡동, 한빛메디칼센터)",개인,1999-05-08,의창구,봉림동
3043,홍원당한의원,0,"경상남도 창원시 의창구 봉곡로111번길 8 (봉곡동, 동승빌딩)",개인,1994-03-25,의창구,봉림동
3051,창덕한의원,0,"경상남도 창원시 의창구 원이대로 283 (봉곡동, 청마상가)",개인,1992-01-07,의창구,봉림동
3062,경희감초한의원,0,"경상남도 창원시 의창구 창이대로 199, 무지개상가 (봉곡동)",개인,1989-09-30,의창구,봉림동
437,아름다운피부과의원,0,경상남도 창원시 성산구 가양로124번길 1 (대방동),민간,2011-04-26,성산구,사파동
480,정영주안과의원,0,"경상남도 창원시 성산구 가양로124번길 13 (대방동, 204호)",민간,2005-02-04,성산구,사파동
493,나병천정형외과의원,0,"경상남도 창원시 성산구 가양로124번길 5-3 (대방동, 3,6층)",민간,2003-08-13,성산구,사파동
502,조은세상의원,0,"경상남도 창원시 성산구 대암로 272 (대방동, 대방2차덕산타운)",민간,2002-07-19,성산구,사파동
508,선린자모의원,24,"경상남도 창원시 성산구 가양로124번길 7 (대방동, 선린빌딩)",민간,2002-04-17,성산구,사파동
509,서원교비뇨기과의원,0,"경상남도 창원시 성산구 가양로124번길 15 (대방동, 대암빌딩)",민간,2002-04-10,성산구,사파동
519,삼성내과의원,0,"경상남도 창원시 성산구 가양로124번길 17-16 (대방동, 동진메디칼)",민간,2001-04-17,성산구,사파동
520,꿈나무의원,0,"경상남도 창원시 성산구 가양로124번길 23 (대방동, 크리스탈빌딩 7층)",민간,2001-04-14,성산구,사파동
529,박창현신경외과의원,0,"경상남도 창원시 성산구 가양로124번길 17-12 (대방동, 실로암빌딩)",민간,2000-03-25,성산구,사파동
547,서울소아청소년과의원,0,"경상남도 창원시 성산구 대정로 135 (대방동, 대방덕산타운)",민간,1997-03-25,성산구,사파동
548,임내과의원,0,"경상남도 창원시 성산구 가양로124번길 17-12 (대방동, 실로암빌딩)",민간,1997-03-19,성산구,사파동
551,세일의원,0,"경상남도 창원시 성산구 대암로 110 (대방동, 성원남산3차아파트)",민간,1996-10-08,성산구,사파동
553,대방의원,0,"경상남도 창원시 성산구 대정로 138 (대방동, 대방대동아파트)",민간,1996-06-28,성산구,사파동
2021,대풍치과의원,0,"경상남도 창원시 성산구 대암로 101, 대풍빌딩 4층 401호 (대방동)",개인,2020-01-02,성산구,사파동
2055,리즈치과의원,0,경상남도 창원시 성산구 가양로 124 (대방동),개인,2012-04-17,성산구,사파동
2078,김종길치과의원,0,"경상남도 창원시 성산구 창이대로881번길 11 (대방동, 신대방빌딩)",개인,2008-05-02,성산구,사파동
2107,성원치과의원,0,"경상남도 창원시 성산구 대암로 80 (대방동, 성원3차 상가 408호)",개인,2002-12-21,성산구,사파동
2109,심미부부치과의원,0,"경상남도 창원시 성산구 대정로 138 (대방동, 대동훼미리코아상가 310호)",개인,2002-11-18,성산구,사파동
2113,즐거운치과의원,0,"경상남도 창원시 성산구 가양로124번길 17-13 (대방동, 대방프라자)",개인,2001-08-30,성산구,사파동
2117,온누리치과의원,0,"경상남도 창원시 성산구 가양로124번길 17-12 (대방동, 실로암빌딩 302호)",개인,2001-01-10,성산구,사파동
2151,대방치과의원,0,"경상남도 창원시 성산구 대정로 135 (대방동, 대방덕산타운)",개인,1993-06-10,성산구,사파동
2166,부강치과의원,0,"경상남도 창원시 성산구 대정로 29 (대방동, 대우상가 2층)",개인,1990-07-12,성산구,사파동
2168,무지개치과의원,0,"경상남도 창원시 성산구 가양로124번길 15 (대방동, 대암빌딩)",개인,1989-04-20,성산구,사파동
2940,보강한의원,0,"경상남도 창원시 성산구 창이대로881번길 9, 3층 301호 (대방동)",개인,2017-11-20,성산구,사파동
2959,정성한의원,0,"경상남도 창원시 성산구 대정로 135 (대방동, 대방덕산타운210,211호)",개인,2015-12-04,성산구,사파동
2972,손빛한의원,0,"경상남도 창원시 성산구 대암로 80, 성원3차아파트상가 401호 (대방동)",개인,2013-02-06,성산구,사파동
2998,석현나비솔한의원,0,"경상남도 창원시 성산구 가양로124번길 5-3 (대방동, 경남빌딩4층)",개인,2008-10-15,성산구,사파동
3004,행복한나비한의원,0,"경상남도 창원시 성산구 가양로124번길 5-11, 3층 302,303호 (대방동, 골든프라자)",개인,2007-07-19,성산구,사파동
3008,느티나무한의원,0,"경상남도 창원시 성산구 가양로136번길 14 (대방동, 대양빌딩)",개인,2006-07-07,성산구,사파동
3025,우인한의원,0,"경상남도 창원시 성산구 가양로124번길 23 (대방동, 크리스탈빌딩)",개인,2002-02-26,성산구,사파동
3031,쾌통한의원,0,"경상남도 창원시 성산구 가양로124번길 17-13, 대방프라자 204호 (대방동)",개인,1999-05-15,성산구,사파동
3036,진웅한의원,0,"경상남도 창원시 성산구 가양로124번길 15 (대방동, 대암빌딩)",개인,1995-11-07,성산구,사파동
3046,박준수한의원,0,"경상남도 창원시 성산구 대정로 138 (대방동, 대방대동아파트)",개인,1993-02-09,성산구,사파동
3736,두산공작기계(주)부속의원,0,경상남도 창원시 성산구 정동로162번길 40 (남산동),민간,1991-11-20,성산구,사파동
161,칭원진해연세스위트치과병원,0,"경상남도 창원시 진해구 진해대로 752, 아리온시네마빌",민간,2021-05-04,진해구,석동
3181,아이맘한의원,10,"경상남도 창원시 진해구 진해대로752, 롯데시네마",민간,2012-11-20,진해구,석동
9,학교법인성균관대학삼성창원병원,762,"경상남도 창원시 마산회원구 팔용로 158 (합성동, 삼성창원병원)",민간,1981-03-11,마산회원구,석전동
207,복음요양병원,134,"경상남도 창원시 마산회원구 3·15대로 850, 복음요양병원 (합성동)",민간,2020-05-19,마산회원구,석전동
323,미소안재활병원,94,"경상남도 창원시 마산회원구 3·15대로 775 (합성동, 합성메디칼센타)",민간,2008-12-05,마산회원구,석전동
590,몸편한재활의학과의원,0,"경상남도 창원시 마산회원구 3·15대로 733, 2층 (합성동)",민간,2020-06-08,마산회원구,석전동
591,연세편한마디내과의원,0,"경상남도 창원시 마산회원구 3·15대로 770, 2,3층 (합성동)",민간,2020-03-21,마산회원구,석전동
595,박지성비뇨의학과의원,0,"경상남도 창원시 마산회원구 3·15대로 780, 2층 (합성동)",민간,2019-12-02,마산회원구,석전동
614,메디엘의원,0,"경상남도  창원시 마산회원구 3·15대로 733,3층(합성동)",민간,2016-08-01,마산회원구,석전동
623,리엔의원,0,경상남도 창원시 마산회원구 3·15대로 737 (합성동),민간,2014-04-24,마산회원구,석전동
631,올바른남성의원,2,"경상남도 창원시 마산회원구 3·15대로 744 (합성동, 송하빌딩)",민간,2012-08-23,마산회원구,석전동
632,아인스안과의원,0,"경상남도 창원시 마산회원구 3·15대로 778 (합성동, 정비인후과의원)",민간,2012-07-02,마산회원구,석전동
636,BBC의원,1,"경상남도 창원시 마산회원구 3·15대로 775 (합성동, 합성메디칼센타)",민간,2011-07-28,마산회원구,석전동
639,삼성시원비뇨기과의원,3,"경상남도 창원시 마산회원구 3·15대로 727 (합성동, 매디칼센타)",민간,2010-04-20,마산회원구,석전동
644,소피마르소산부인과의원,5,"경상남도 창원시 마산회원구 3·15대로 775 (합성동, 합성메디칼센타)",민간,2009-12-09,마산회원구,석전동
645,깨끗한의원,0,경상남도 창원시 마산회원구 3·15대로 774-1 (합성동),민간,2009-09-08,마산회원구,석전동
647,마산백내과의원,0,"경상남도 창원시 마산회원구 3·15대로 778 (합성동, 정비인후과의원)",민간,2009-08-07,마산회원구,석전동
654,선비뇨기과의원,1,"경상남도 창원시 마산회원구 3·15대로 800 (합성동, 선비뇨기과의원)",민간,2008-05-01,마산회원구,석전동
656,아름다운피부과의원,0,"경상남도 창원시 마산회원구 3·15대로 744 (합성동, 송하빌딩)",민간,2007-11-30,마산회원구,석전동
657,미소마취통증의학과의원,0,"경상남도 창원시 마산회원구 3·15대로 768 (합성동, 마산시외버스터미널)",민간,2007-08-23,마산회원구,석전동
659,김성섭마취통증의학과의원,0,"경상남도 창원시 마산회원구 3·15대로 763 (합성동, 홍치과)",민간,2007-08-02,마산회원구,석전동
660,김진구내과의원,0,"경상남도 창원시 마산회원구 3·15대로 765-1 (합성동, 우성빌딩)",민간,2007-03-05,마산회원구,석전동
670,우리정형외과신경외과의원,19,"경상남도 창원시 마산회원구 3·15대로 744 (합성동, 송하빌딩)",민간,2006-03-13,마산회원구,석전동
679,합성삼성내과의원,0,"경상남도 창원시 마산회원구 3·15대로 785 (합성동, 거북이한의원)",민간,2005-03-28,마산회원구,석전동
681,속편한내과의원,0,"경상남도 창원시 마산회원구 3·15대로 750 (합성동, 마산시외버스터미널)",민간,2005-02-22,마산회원구,석전동
683,배윤상내과의원,0,"경상남도 창원시 마산회원구 3·15대로 768 (합성동, 마산시외버스터미널)",민간,2004-10-18,마산회원구,석전동
694,하나산부인과의원,0,"경상남도 창원시 마산회원구 3·15대로 765-1, 3층 (합성동, 우성빌딩)",민간,2003-03-10,마산회원구,석전동
699,가족사랑의원,0,경상남도 창원시 마산회원구 구암남1길 78 (합성동),민간,2002-08-14,마산회원구,석전동
701,경남학문외과의원,9,"경상남도 창원시 마산회원구 3·15대로 800 (합성동, 선비뇨기과의원)",민간,2002-06-25,마산회원구,석전동
702,이종흔안과의원,3,"경상남도 창원시 마산회원구 3·15대로 750 (합성동, 마산시외버스터미널)",민간,2002-06-08,마산회원구,석전동
709,케이씨에스마산수외과의원,3,"경상남도 창원시 마산회원구 3·15대로 727 (합성동, 매디칼센타)",민간,2001-11-27,마산회원구,석전동
710,장편한내과의원,0,"경상남도 창원시 마산회원구 3·15대로 780 (합성동, 행복한메디컬)",민간,2001-11-16,마산회원구,석전동
716,맑은의원,0,경상남도 창원시 마산회원구 3·15대로 727 (합성동),민간,2001-06-01,마산회원구,석전동
727,김윤규방사선과의원,0,경상남도 창원시 마산회원구 3·15대로 779 (합성동),민간,2000-07-05,마산회원구,석전동
735,하사랑신경과의원,0,"경상남도 창원시 마산회원구 3·15대로 727 (합성동, 매디칼센타)",민간,1999-12-20,마산회원구,석전동
742,영의원,0,"경상남도 창원시 마산회원구 3·15대로 727 (합성동, 매디칼센타)",민간,1999-01-11,마산회원구,석전동
747,김보현성형외과의원,0,"경상남도 창원시 마산회원구 3·15대로 744 (합성동, 송하빌딩)",민간,1998-04-26,마산회원구,석전동
754,오용구내과의원,0,"경상남도 창원시 마산회원구 3·15대로 727 (합성동, 매디칼센타)",민간,1994-03-28,마산회원구,석전동
757,정안과의원,0,"경상남도 창원시 마산회원구 3·15대로 767, 1.2.3층 (합성동, 정안과의원)",민간,1992-05-06,마산회원구,석전동
777,최문섭피부과의원,0,"경상남도 창원시 마산회원구 3·15대로 728 (합성동, 마산요리학원)",민간,1986-04-19,마산회원구,석전동
779,윤경준내과의원,0,"경상남도 창원시 마산회원구 3·15대로 728 (합성동, 마산요리학원)",민간,1986-03-24,마산회원구,석전동
780,정이비인후과의원,0,"경상남도 창원시 마산회원구 3·15대로 780 (합성동, 행복한메디컬)",민간,1985-11-12,마산회원구,석전동
781,박인조내과의원,0,"경상남도 창원시 마산회원구 3·15대로 743 (합성동, 경남외국어학원)",민간,1985-07-15,마산회원구,석전동
785,최덕현내과의원,0,"경상남도 창원시 마산회원구 3·15대로 731 (합성동, 세계로약국)",민간,1984-11-15,마산회원구,석전동
787,아세아정형외과의원,0,"경상남도 창원시 마산회원구 3·15대로 737 (합성동, 아세아정형외과)",민간,1984-03-28,마산회원구,석전동
788,마산의원,1,"경상남도 창원시 마산회원구 3·15대로 730-1 (합성동, 마산의원)",민간,1984-03-05,마산회원구,석전동
792,한양정형외과의원,0,"경상남도 창원시 마산회원구 3·15대로 811 (합성동, 한양산부인과의원)",민간,1983-03-07,마산회원구,석전동
793,마산이비인후과의원,0,"경상남도 창원시 마산회원구 3·15대로 741-1 (합성동, 마산이비인후과)",민간,1982-07-06,마산회원구,석전동
794,메리놀산부인과의원,0,"경상남도 창원시 마산회원구 3·15대로 771 (합성동, 메리놀산부인과)",민간,1982-03-25,마산회원구,석전동
1971,삼성공감정신건강의학과의원,0,"경상남도 창원시 마산회원구 3·15대로 775, 합성메디칼센타 3층 (합성동)",민간,2019-07-31,마산회원구,석전동
1973,삼성정신건강의학과의원,0,"경상남도 창원시 마산회원구 3·15대로 800, 선메디칼빌딩 5층 (합성동)",민간,2006-10-20,마산회원구,석전동
1975,정청정신건강의학과의원,0,"경상남도 창원시 마산회원구 3·15대로 773 (합성동, 정청신경외과)",민간,2000-12-26,마산회원구,석전동
1976,이상돈신경정신과의원,0,"경상남도 창원시 마산회원구 3·15대로 744 (합성동, 송하빌딩)",민간,1997-02-27,마산회원구,석전동
1977,이.문신경정신과의원,0,"경상남도 창원시 마산회원구 3·15대로 772 (합성동, 경남고시학원)",민간,1992-03-21,마산회원구,석전동
1978,정환증정신건강의학과의원,0,경상남도 창원시 마산회원구 3·15대로 765-1 (합성동),민간,1991-04-24,마산회원구,석전동
2206,서울본치과의원,0,경상남도 창원시 마산회원구 3·15대로 736 CGV 2층 (합성동),민간,2012-04-12,마산회원구,석전동
2210,미소아이치과의원,0,"경상남도 창원시 마산회원구 3·15대로 775 (합성동, 합성메디칼센타)",민간,2011-04-26,마산회원구,석전동
2214,플랜트치과의원,0,"경상남도 창원시 마산회원구 3·15대로 780 (합성동, 행복한메디컬)",민간,2010-05-04,마산회원구,석전동
2217,유앤미치과의원,0,"경상남도 창원시 마산회원구 3·15대로 727 (합성동, 매디칼센타)",민간,2008-03-26,마산회원구,석전동
2248,스타치과의원,0,"경상남도 창원시 마산회원구 3·15대로 778 (합성동, 정비인후과의원)",민간,1997-03-05,마산회원구,석전동
2251,홍호철치과의원,0,"경상남도 창원시 마산회원구 3·15대로 763 (합성동, 홍치과)",민간,1996-05-23,마산회원구,석전동
2252,이정호치과의원,0,"경상남도 창원시 마산회원구 3·15대로 741 (합성동, 이정호치과)",민간,1996-05-01,마산회원구,석전동
2276,문명용치과의원,0,"경상남도 창원시 마산회원구 3·15대로 744 (합성동, 송하빌딩)",민간,1987-04-25,마산회원구,석전동
2281,이승원치과의원,0,"경상남도 창원시 마산회원구 3·15대로 743 (합성동, 경남외국어학원)",민간,1986-04-16,마산회원구,석전동
2283,동방치과의원,0,"경상남도 창원시 마산회원구 3·15대로 786 (합성동, 동방치과)",민간,1984-06-01,마산회원구,석전동
3073,한마음한의원,0,"경상남도 창원시 마산회원구 3·15대로 784, 2층 (합성동)",민간,2018-08-10,마산회원구,석전동
3088,다나한의원,0,"경상남도 창원시 마산회원구 3·15대로 761, 경동극장 (합성동)",민간,2014-12-02,마산회원구,석전동
3095,선담한의원,0,경상남도 창원시 마산회원구 3·15대로 727 (합성동),민간,2011-07-21,마산회원구,석전동
3108,유앤미한의원,0,"경상남도 창원시 마산회원구 3·15대로 727 (합성동, 매디칼센타)",민간,2008-03-28,마산회원구,석전동
3121,김도환한의원,0,"경상남도 창원시 마산회원구 팔용로 75 (합성동, 김도환한의원)",민간,2004-04-09,마산회원구,석전동
3127,동림한의원,0,경상남도 창원시 마산회원구 3·15대로 785 (합성동),민간,2002-04-29,마산회원구,석전동
3134,윤솔한의원,0,"경상남도 창원시 마산회원구 3·15대로 775, 5층 (합성동)",민간,2001-01-27,마산회원구,석전동
3148,일성한의원,0,"경상남도 창원시 마산회원구 3·15대로 823 (합성동, 일성한의원)",민간,1994-04-15,마산회원구,석전동
3161,해바라기한의원,0,"경상남도 창원시 마산회원구 3·15대로 805 (합성동, 황성우산부인과)",민간,1987-01-24,마산회원구,석전동
3167,영남한의원,0,"경상남도 창원시 마산회원구 합성서7길 14 (합성동, 영남한의원)",민간,1982-05-14,마산회원구,석전동
3745,평화열린조산원,0,"경상남도 창원시 마산회원구 합성동1길 1 (합성동, 평화조선원)",민간,1980-01-31,마산회원구,석전동
463,아톰소아청소년과의원,0,"경상남도 창원시 성산구 안민안길 20 (안민동, 103호)",민간,2006-12-15,성산구,성주동
512,안민하나의원,0,"경상남도 창원시 성산구 안민로117번길 8 (안민동, 송원상가 201호)",민간,2002-03-02,성산구,성주동
2025,클린치과의원,0,"경상남도 창원시 성산구 안민로117번길 16-1, 2층 (안민동)",개인,2018-11-01,성산구,성주동
2106,한사랑치과의원,0,"경상남도 창원시 성산구 안민로117번길 9 (안민동, 풍전빌딩)",개인,2003-01-20,성산구,성주동
3059,안민한의원,0,"경상남도 창원시 성산구 안민로117번길 9 (안민동, 풍전빌딩)",개인,1990-10-19,성산구,성주동
43,키즈웰소아청소년과병원,56,"경상남도 창원시 마산회원구 용마로 130, 메트로센텀 5,11층 (양덕동)",민간,2019-11-28,마산회원구,양덕2동
219,의료법인굿모닝의료재단굿모닝요양병원,198,"경상남도 창원시 마산회원구 봉양로 7 (양덕동, 동방프라자)",민간,2008-01-02,마산회원구,양덕2동
589,편하지의원,0,"경상남도 창원시 마산회원구 용마로 130, 5층 (양덕동)",민간,2020-10-08,마산회원구,양덕2동
592,더나은의원,0,"경상남도 창원시 마산회원구 삼호로 80 (양덕동, 메트로시티 2단지)",민간,2020-02-24,마산회원구,양덕2동
599,박주현산부인과의원,0,"경상남도 창원시 마산회원구 용마로 130, 메트로센텀 406호 (양덕동)",민간,2019-04-10,마산회원구,양덕2동
601,메트로 정형외과의원,0,"경상남도 창원시 마산회원구 양덕로 120, 금천빌딩 2층 (양덕동)",민간,2019-02-01,마산회원구,양덕2동
615,양덕제일의원,0,경상남도 창원시 마산회원구 양덕로 145 (양덕동),민간,2016-05-09,마산회원구,양덕2동
619,더하얀의원,0,"경상남도 창원시 마산회원구 율림교로 13, 2층 204호 (양덕동, 메트로엠)",민간,2015-12-10,마산회원구,양덕2동
620,신세계제통의원,0,"경상남도 창원시 마산회원구 율림교로 13, 5층 (양덕동, 메트로엠)",민간,2015-11-17,마산회원구,양덕2동
633,메트로이비인후과의원,0,"경상남도 창원시 마산회원구 양덕서로 47 (양덕동, 메트로스퀘어5)",민간,2012-04-25,마산회원구,양덕2동
748,서정철내과의원,0,"경상남도 창원시 마산회원구 율림교로 13, 4층 401호 (양덕동, 메트로엠)",민간,1998-03-02,마산회원구,양덕2동
766,김제원내과의원,0,"경상남도 창원시 마산회원구 양덕동2길 5, 3층 (양덕동)",민간,1989-04-18,마산회원구,양덕2동
786,한국건강관리협회건강증진의원,0,"경상남도 창원시 마산회원구 삼호로 107 (양덕동, 한국건강관리센터)",민간,1984-05-06,마산회원구,양덕2동
805,사단법인대한산업보건협회부설마산의원,0,"경상남도 창원시 마산회원구 자유무역2길 38 (양덕동, 대한산업보건센터)",민간,1974-06-18,마산회원구,양덕2동
2176,스마일치과의원,0,"경상남도 창원시 마산회원구 삼호로 80, 2층 (양덕동, 메트로시티 2단지)",민간,2020-05-26,마산회원구,양덕2동
2191,상쾌한치과의원,0,"경상남도 창원시 마산회원구 율림교로 13 (양덕동, 메트로엠)",민간,2015-08-25,마산회원구,양덕2동
2202,서울이원치과의원,0,"경상남도 창원시 마산회원구 율림교로 6 (양덕동, 메트로스퀘어6)",민간,2012-07-12,마산회원구,양덕2동
2204,박인율치과의원,0,"경상남도 창원시 마산회원구 양덕서로 47 (양덕동, 메트로스퀘어5)",민간,2012-06-25,마산회원구,양덕2동
2207,메트로수치과의원,0,경상남도 창원시 마산회원구 양덕서로 47 (양덕동),민간,2012-03-26,마산회원구,양덕2동
2218,사단법인한국건강관리협회건강증진치과의원,0,"경상남도 창원시 마산회원구 삼호로 107 (양덕동, 한국건강관리센터)",민간,2008-03-06,마산회원구,양덕2동
2221,김치과의원,0,"경상남도 창원시 마산회원구 삼호로 56 (양덕동, 삼성홈플러스)",민간,2007-11-30,마산회원구,양덕2동
2272,박영민치과의원,0,"경상남도 창원시 마산회원구 삼호로 80, 212동 2층 201호 (양덕동, 메트로시티2차)",민간,1988-04-30,마산회원구,양덕2동
2275,문치과의원,0,"경상남도 창원시 마산회원구 양덕로 153 (양덕동, 한일타운2차아파트)",민간,1987-04-25,마산회원구,양덕2동
2288,양재영치과의원,0,"경상남도 창원시 마산회원구 양덕로 129-1 (양덕동, 양재영치과의원)",민간,1980-03-03,마산회원구,양덕2동
3071,해민한의원,0,"경상남도 창원시 마산회원구 양덕옛2길 130, 2층 (양덕동)",민간,2020-12-10,마산회원구,양덕2동
3077,경희자연한의원,0,"경상남도 창원시 마산회원구 양덕서로 47, 2층 224~227호 (양덕동, 메트로스퀘어5)",민간,2017-05-30,마산회원구,양덕2동
3084,청춘한의원,0,"경상남도 창원시 마산회원구 삼호로 80, 211동 2층 243.244호 (양덕동, 메트로시티2단지)",민간,2016-03-09,마산회원구,양덕2동
3086,봄봄한의원,0,"경상남도 창원시 마산회원구 율림교로 13 (양덕동, 메트로엠)",민간,2015-09-24,마산회원구,양덕2동
3089,단디한의원,0,경상남도 창원시 마산회원구 양덕북21길 2 (양덕동),민간,2014-07-28,마산회원구,양덕2동
3103,해담한의원,0,"경상남도 창원시 마산회원구 용마로 130, 5층 1호 (양덕동)",민간,2009-09-08,마산회원구,양덕2동
3115,공삼일구아이한의원,0,"경상남도 창원시 마산회원구 삼호로 56 (양덕동, 삼성홈플러스)",민간,2006-01-17,마산회원구,양덕2동
3122,송림한의원,0,"경상남도 창원시 마산회원구 봉양로 5, 2층 (양덕동)",민간,2003-12-02,마산회원구,양덕2동
3146,강림한의원,0,"경상남도 창원시 마산회원구 양덕로 156 (양덕동, 강림한의원)",민간,1994-12-07,마산회원구,양덕2동
3153,생명장한의원,0,"경상남도 창원시 마산회원구 양덕로 162 (양덕동, 생명장한의원)",민간,1991-04-08,마산회원구,양덕2동
3154,학산한의원,0,경상남도 창원시 마산회원구 양덕로 140 (양덕동),민간,1990-08-06,마산회원구,양덕2동
3162,세제한의원,0,"경상남도 창원시 마산회원구 양덕로 130 (양덕동, 세제한의원)",민간,1986-06-17,마산회원구,양덕2동
48,은혜병원,261,"경상남도 창원시 마산합포구 해안대로 331 (남성동, 한백웨딩프라자)",민간,2011-04-21,마산합포구,오동동
51,참여성병원,52,"경상남도 창원시 마산합포구 불종거리로 19 (동성동, 참여성병원)",민간,2008-03-28,마산합포구,오동동
216,광제요양병원,180,"경상남도 창원시 마산합포구 남성로 167 (동성동, 한마빌딩)",민간,2013-04-30,마산합포구,오동동
324,의료법인위더스의료재단위더스병원,220,경상남도 창원시 마산합포구 동서동2길 45 (신포동2가),민간,2008-06-02,마산합포구,오동동
593,엠에스피부과의원,0,"경상남도 창원시 마산합포구 동서동2길 60, 3층 307~310호 (신포동2가)",민간,2020-01-30,마산합포구,오동동
597,척고은마취통증의학과의원,0,경상남도 창원시 마산합포구 동서동2길 60 (신포동2가),민간,2019-10-01,마산합포구,오동동
635,큰나무정형외과의원,0,경상남도 창원시 마산합포구 합포로 64 (동성동),민간,2012-01-17,마산합포구,오동동
642,마산성모안과의원,0,"경상남도 창원시 마산합포구 합포로 28 (남성동, 대동빌딩)",민간,2010-02-04,마산합포구,오동동
652,친절신경외과의원,21,"경상남도 창원시 마산합포구 3·15대로 293 (서성동, 늘푸른선미술학원)",민간,2008-09-01,마산합포구,오동동
664,효도마취통증의학과의원,0,"경상남도 창원시 마산합포구 합포로 56 (동성동, 패류살포양식수협)",민간,2006-11-10,마산합포구,오동동
677,이앤조내과의원,0,"경상남도 창원시 마산합포구 서성로 48 (신포동2가, 대우메디칼빌딩)",민간,2005-09-06,마산합포구,오동동
705,어시장효자손마취통증의학과의원,0,"경상남도 창원시 마산합포구 합포로 28 (남성동, 대동빌딩)",민간,2002-04-08,마산합포구,오동동
722,파티마안과의원,2,"경상남도 창원시 마산합포구 합포로 26-1 (남성동, 경남약국)",민간,2001-03-08,마산합포구,오동동
736,이두하내과의원,0,"경상남도 창원시 마산합포구 합포로 28 (남성동, 대동빌딩)",민간,1999-11-24,마산합포구,오동동
739,연세남성비뇨기과의원,0,"경상남도 창원시 마산합포구 서성로 48 (신포동2가, 대우메디칼빌딩)",민간,1999-06-09,마산합포구,오동동
761,한미정형외과의원,29,"경상남도 창원시 마산합포구 서성로 57 (신포동2가, 한미정형외과의원)",민간,1990-07-16,마산합포구,오동동
763,노홍기내과의원,0,"경상남도 창원시 마산합포구 합포로 40 (남성동, 노홍기내과의원)",민간,1990-04-20,마산합포구,오동동
768,김호준피부과의원,0,"경상남도 창원시 마산합포구 합포로 35-1 (남성동, 김호준피부과의원)",민간,1989-03-09,마산합포구,오동동
795,김형규내과의원,0,"경상남도 창원시 마산합포구 불종거리로 11 (동성동, 김형규내과의원)",민간,1980-07-24,마산합포구,오동동
802,"박동석,박민준이비인후과의원",5,"경상남도 창원시 마산합포구 합포로 69 (동성동, 박동석의원)",민간,1976-06-01,마산합포구,오동동
803,최내과의원,0,"경상남도 창원시 마산합포구 합포로 71 (동성동, 고려신경외과)",민간,1976-05-29,마산합포구,오동동
804,허종해비뇨기과의원,0,"경상남도 창원시 마산합포구 불종거리로 2 (남성동, 허종해비뇨기과의원)",민간,1975-11-18,마산합포구,오동동
806,강안과의원,0,"경상남도 창원시 마산합포구 남성로 48 (서성동, 강안과의원)",민간,1970-07-06,마산합포구,오동동
807,이우홍비뇨기과의원,0,"경상남도 창원시 마산합포구 남성로 43 (부림동, 이우홍비뇨기과의원)",민간,1967-06-30,마산합포구,오동동
1980,배신경정신과의원,0,"경상남도 창원시 마산합포구 서성로 56 (신포동2가, 배신경정신과의원)",민간,1967-09-15,마산합포구,오동동
2177,선치과의원,0,"경상남도 창원시 마산합포구 합포로 66, 세강당한의원 2층 (동성동)",민간,2020-03-13,마산합포구,오동동
2178,제일치과의원,0,경상남도 창원시 마산합포구 서성로 62 (신포동2가),민간,2019-07-31,마산합포구,오동동
2194,김세훈치과의원,0,"경상남도 창원시 마산합포구 3·15대로 305 (서성동, KT서마산지점)",민간,2015-03-02,마산합포구,오동동
2215,예쁜치과의원,0,"경상남도 창원시 마산합포구 서성로 48 (신포동2가, 대우메디칼빌딩)",민간,2008-08-11,마산합포구,오동동
2234,우리치과의원,0,"경상남도 창원시 마산합포구 합포로 42 (남성동, 우리치과의원)",민간,2002-07-02,마산합포구,오동동
2269,김형준치과의원,0,"경상남도 창원시 마산합포구 북성로 10 (중성동, 김형준 치과)",민간,1990-04-24,마산합포구,오동동
2284,이민호치과의원,0,경상남도 창원시 마산합포구 3·15대로 373-1 (중성동),민간,1984-05-10,마산합포구,오동동
2285,이찬호치과의원,0,"경상남도 창원시 마산합포구 합포로 24 (신포동2가, 이찬호치과의원)",민간,1982-03-19,마산합포구,오동동
2286,이한치과의원,0,경상남도 창원시 마산합포구 동서북5길 5 (서성동),민간,1982-03-19,마산합포구,오동동
2289,한광수치과의원,0,"경상남도 창원시 마산합포구 동서동로 18 (신포동2가, 대우백화점)",민간,1974-06-29,마산합포구,오동동
2290,이인창치과의원,0,"경상남도 창원시 마산합포구 불종거리로 12 (동성동, 이인창치과의원)",민간,1972-03-08,마산합포구,오동동
2291,정치과의원,0,경상남도 창원시 마산합포구 합포로 52 (남성동),민간,1971-05-17,마산합포구,오동동
2292,마산치과의원,0,"경상남도 창원시 마산합포구 북성로 36 (중성동, 마산치과)",민간,1965-08-17,마산합포구,오동동
3070,탁 한의원,0,경상남도 창원시 마산합포구 동서동2길 60 (신포동2가),민간,2021-03-08,마산합포구,오동동
3075,미래한의원,0,"경상남도 창원시 마산합포구 합포로 71, 2,3층 (동성동)",민간,2017-12-07,마산합포구,오동동
3076,약손맥한의원,0,"경상남도 창원시 마산합포구 합포로 29, 2층 (남성동, 제일빌딩)",민간,2017-10-26,마산합포구,오동동
3085,김동국한의원,0,"경상남도 창원시 마산합포구 합포로 29 (남성동, 제일빌딩)",민간,2015-10-12,마산합포구,오동동
3094,어시장한의원,0,경상남도 창원시 마산합포구 합포로 35 (남성동),민간,2012-05-01,마산합포구,오동동
3099,담 한의원,10,경상남도 창원시 마산합포구 합포로 33 (남성동),민간,2011-01-11,마산합포구,오동동
3104,원한의원,0,경상남도 창원시 마산합포구 합포로 38-1 (남성동),민간,2009-04-21,마산합포구,오동동
3129,지산한의원,0,"경상남도 창원시 마산합포구 몽고정길 47 (부림동, 마산남성신용협동조합)",민간,2002-04-10,마산합포구,오동동
3130,제강한의원,0,경상남도 창원시 마산합포구 어시장4길 46 (남성동),민간,2002-03-27,마산합포구,오동동
3136,본초당한의원,0,"경상남도 창원시 마산합포구 불종거리로 10 (동성동, 죽포빌딩)",민간,1999-06-09,마산합포구,오동동
3139,손한의원,0,"경상남도 창원시 마산합포구 합포로 30, 2층 (남성동)",민간,1998-02-27,마산합포구,오동동
3166,세강당한의원,0,경상남도 창원시 마산합포구 합포로 66 (동성동),민간,1983-06-17,마산합포구,오동동
3170,구세한의원,0,"경상남도 창원시 마산합포구 오동서6길 43 (중성동, 구세한의원)",민간,1971-01-30,마산합포구,오동동
796,평안안과의원,8,"경상남도 창원시 마산합포구 북성로 3 (창동, 평안안과의원)",민간,1980-02-01,마산합포구,오동동
2201,지명주치과의원,0,"경상남도 창원시 마산합포구 동서북10길 63 (창동, 조흥은행)",민간,2012-11-27,마산합포구,오동동
741,조문흠가정의학과의원,0,"경상남도 창원시 마산합포구 중앙남6길 103 (장군동3가, 조문흠가정의학과의원)",민간,1999-03-15,마산합포구,완월동
2298,애플란트치과의원,0,"경상남도 창원시 진해구 신항동로 141, 2층 208호 (용원동, 애플타운 헤리티지)",민간,2018-02-22,진해구,용동2동
3171,신항편안한한의원,0,"경상남도 창원시 진해구 신항4로 58, 오송스퀘어",민간,2020-07-22,진해구,용동2동
157,고운치과병원,0,"경상남도 창원시 의창구 원이대로 573 (용호동, 고운메디컬빌딩)",민간,2000-05-08,의창구,용지동
354,창원이루다성형외과의원,0,"경상남도 창원시 의창구 용지로153번길 10, 동원빌딩 7층 702호 (용호동)",민간,2021-04-20,의창구,용지동
366,플러스이비인후과의원,2,"경상남도 창원시 의창구 원이대로 591, X프리빌딩 5층 (용호동)",민간,2019-05-22,의창구,용지동
377,대웅엠지(MG)의원,0,"경상남도 창원시 의창구 용지로169번길 11-14, 대웅 RED - U 3층 301~307호 (용호동)",민간,2017-12-15,의창구,용지동
395,수내과의원,0,"경상남도 창원시 의창구 원이대로 595 (용호동, 고운메디컬빌딩3층301호)",민간,2016-01-08,의창구,용지동
403,고운마취통증의학과의원,0,"경상남도 창원시 의창구 원이대로 595 (용호동, 고운메디컬빌딩 8층)",민간,2015-04-15,의창구,용지동
429,차안과의원,0,경상남도 창원시 의창구 원이대로 587 (용호동),민간,2012-04-09,의창구,용지동
430,범안과의원,0,경상남도 창원시 의창구 원이대로 587 (용호동),민간,2012-04-03,의창구,용지동
458,제일내과의원,0,"경상남도 창원시 의창구 동산로 145 (신월동, 신월주공상가3층)",민간,2007-11-04,의창구,용지동
461,제니트비뇨기과의원,0,"경상남도 창원시 의창구 원이대로 595, 3층 302호 (용호동, 고운메디컬빌딩)",민간,2007-05-21,의창구,용지동
467,밝고고운안과의원,0,"경상남도 창원시 의창구 원이대로 595 (용호동, 7층)",민간,2006-07-18,의창구,용지동
476,강의원,0,"경상남도 창원시 의창구 신사로45번길 33 (신월동, 2층)",민간,2005-07-04,의창구,용지동
499,한병리과의원,0,"경상남도 창원시 의창구 용지로 225 (용호동, 롯데상가3층302,304호)",민간,2002-10-12,의창구,용지동
505,이보람산부인과의원,0,"경상남도 창원시 의창구 원이대로 591 (용호동, X프리빌딩)",민간,2002-05-07,의창구,용지동
528,서울피부과의원,0,"경상남도 창원시 의창구 원이대로 595 (용호동, 고운메디컬빌딩)",민간,2000-09-01,의창구,용지동
557,성민성형외과의원,0,"경상남도 창원시 의창구 원이대로 587 (용호동, 정우상가)",민간,1995-05-08,의창구,용지동
583,이재철피부과의원,0,"경상남도 창원시 의창구 원이대로 587 (용호동, 정우상가305호)",민간,1989-03-25,의창구,용지동
584,최연극내과의원,0,"경상남도 창원시 의창구 원이대로 587 (용호동, 정우상가301호)",민간,1989-02-14,의창구,용지동
585,윤종즙이비인후과의원,0,"경상남도 창원시 의창구 원이대로 587 (용호동, 정우상가3층)",민간,1988-10-05,의창구,용지동
1965,마음과마음정신건강의학과의원,0,"경상남도 창원시 의창구 원이대로 591 (용호동, 엑스플러스빌딩8층)",민간,2007-12-05,의창구,용지동
1968,성가정신건강의학과의원,0,"경상남도 창원시 의창구 원이대로 587 (용호동, 정우상가)",민간,1999-09-07,의창구,용지동
2010,이루다치과의원,0,"경상남도 창원시 의창구 용지로153번길 10, 동원빌딩 6층 602호 (용호동)",개인,2021-04-20,의창구,용지동
2012,예인치과의원,0,"경상남도 창원시 의창구 원이대로 581, 창원시 노동복지회관 3층 (용호동)",개인,2021-01-06,의창구,용지동
2067,서울어린이치과의원,0,"경상남도 창원시 의창구 원이대로 595, 고운메디컬빌딩 7층 701호 (용호동)",개인,2009-09-22,의창구,용지동
2080,우리치과의원,0,"경상남도 창원시 의창구 원이대로 591 (용호동, X-PlUS 빌딩 4층)",개인,2008-01-07,의창구,용지동
2087,e-사랑치과의원,0,"경상남도 창원시 의창구 상남로192번길 41-3 (신월동, 남전빌딩)",개인,2007-07-04,의창구,용지동
2108,허영준치과의원,0,"경상남도 창원시 의창구 외동반림로 212 (용호동, 일동아파트)",개인,2002-11-25,의창구,용지동
2170,박치과의원,0,"경상남도 창원시 의창구 원이대로 587 (용호동, 정우상가)",개인,1988-05-12,의창구,용지동
2172,박유년치과의원,0,"경상남도 창원시 의창구 용지로 161 (용호동, 경남빌딩)",개인,1984-05-02,의창구,용지동
2936,신월한의원,0,"경상남도 창원시 의창구 상남로192번길 41-3, 토우빌딩 1층 (신월동)",개인,2019-05-16,의창구,용지동
2954,경희우진혁한의원,0,"경상남도 창원시 의창구 신월로 9, 1층 (신월동)",개인,2016-03-11,의창구,용지동
2977,후한의원,10,"경상남도 창원시 의창구 원이대로 591, 엑스플러스빌딩 7층,10층 (용호동)",개인,2012-04-25,의창구,용지동
2982,코스비한의원,0,경상남도 창원시 의창구 신사로 69-1 (신월동),개인,2011-07-06,의창구,용지동
2997,자연한의원,0,경상남도 창원시 의창구 신월로 25 (신월동),개인,2008-11-27,의창구,용지동
3027,청정한의원,0,경상남도 창원시 의창구 용지로239번길 16 (용호동),개인,2001-12-14,의창구,용지동
3064,삼성한의원,0,"경상남도 창원시 의창구 원이대로 663 (신월동, 은아아파트)",개인,1989-08-28,의창구,용지동
42,홍익재활병원,30,경상남도 창원시 성산구 신촌로134번길 43 (신촌동),민간,1990-02-09,성산구,웅남동
397,신촌의원,0,"경상남도 창원시 성산구 신촌로 108 (신촌동, 신촌메디컬빌딩2층)",민간,2015-12-04,성산구,웅남동
544,영남의원,0,"경상남도 창원시 성산구 신촌로 17 (신촌동, 낙지마당 양곡점)",민간,1998-08-01,성산구,웅남동
2090,한결치과의원,0,"경상남도 창원시 성산구 신촌로 90 (신촌동, 디에스아이존빌아파트)",개인,2006-05-25,성산구,웅남동
2115,SK 금강치과의원,0,"경상남도 창원시 성산구 완암로 50 (성산동, SK테크노파크)",개인,2001-05-12,성산구,웅남동
2158,강도욱치과의원,0,"경상남도 창원시 성산구 신촌로 17 (신촌동, 낙지마당 양곡점)",개인,1991-05-14,성산구,웅남동
2992,보명한의원,0,"경상남도 창원시 성산구 신촌로 112 (신촌동, 신촌생활문화센터)",개인,2009-06-24,성산구,웅남동
3732,두산중공업㈜부속의원,0,"경상남도 창원시 성산구 두산볼보로 22 (귀곡동, 두산중공업(주))",민간,2006-03-17,성산구,웅남동
3734,LG전자㈜ 창원2공장부속의원,0,경상남도 창원시 성산구 완암로 84 (성산동),민간,2003-03-18,성산구,웅남동
2933,1075한의원,0,"경상남도 창원시 성산구 완암로 50, 테크동 1115호 (성산동)",개인,2020-03-23,성산구,웅남동
853,제일의원,0,"경상남도 창원시 진해구 웅동로 72, 2층 201호 (마천동, 남명프라자)",민간,2005-11-10,진해구,웅동1동
885,웅동의원,0,"경상남도 창원시 진해구 웅동로 63, 2층 (마천동)",민간,1992-12-14,진해구,웅동1동
2322,광민치과의원,0,"경상남도 창원시 진해구 웅동로 72, 204호 (마천동, 남명프라자)",민간,2006-04-24,진해구,웅동1동
3193,마천한의원,0,경상남도 창원시 진해구 웅동로57번길 5-1 (마천동),민간,2006-10-30,진해구,웅동1동
230,용원휴요양병원,200,경상남도 창원시 진해구 남의로 150 (두동),민간,2011-01-03,진해구,웅동1동
57,용원중앙병원,50,경상남도 창원시 진해구 만금로 17 (용원동),민간,2016-10-13,진해구,웅동2동
58,희망병원,150,"경상남도 창원시 진해구 용원로 15 (용원동, 희망병원)",민간,2016-03-04,진해구,웅동2동
59,우리병원,64,"경상남도 창원시 진해구 용원로 13, 2,3,5층 (용원동)",민간,2012-11-02,진해구,웅동2동
60,의료법인심연의료재단세명병원,150,경상남도 창원시 진해구 용원서로 42 (용원동),민간,2010-09-30,진해구,웅동2동
226,메트로요양병원,199,"경상남도 창원시 진해구 용원로 37 (용원동, 블루마운틴)",민간,2019-02-28,진해구,웅동2동
808,좋은이비인후과의원,0,"경상남도 창원시 진해구 신항4로 47-26, 마린타워 301,302호 (용원동)",민간,2021-03-06,진해구,웅동2동
813,닥터에스의원,0,"경상남도 창원시 진해구 안골로 336, 형제빌딩 2층 201호 (용원동)",민간,2020-06-11,진해구,웅동2동
827,한울의원,0,"경상남도 창원시 진해구 용원동로 262, 2층 (용원동, 다우리빌딩)",민간,2016-05-31,진해구,웅동2동
835,용원성모안과의원,0,경상남도 창원시 진해구 안골로 338 (용원동),민간,2011-04-22,진해구,웅동2동
840,이종협내과의원,0,"경상남도 창원시 진해구 용원로7번길 9, 301호 (용원동, 서정빌딩)",민간,2009-04-13,진해구,웅동2동
848,행복한산부인과의원,5,경상남도 창원시 진해구 안골로 338 (용원동),민간,2007-05-02,진해구,웅동2동
852,유소아청소년과의원,0,"경상남도 창원시 진해구 안골로 339 (용원동, 코아루상가 201호)",민간,2006-02-15,진해구,웅동2동
854,김종휘비뇨기과의원,0,"경상남도 창원시 진해구 안골로 336, 3층 (용원동, 형제빌딩)",민간,2005-11-09,진해구,웅동2동
855,우리이비인후과의원,0,경상남도 창원시 진해구 안골로 336 (용원동),민간,2005-11-09,진해구,웅동2동
856,박재석내과의원,0,"경상남도 창원시 진해구 용원로 9 (용원동, 엠파이어빌딩 403호)",민간,2005-11-09,진해구,웅동2동
859,푸르메이비인후과의원,0,"경상남도 창원시 진해구 용원로7번길 7, 3층 (용원동, 용원메디칼)",민간,2004-12-03,진해구,웅동2동
865,한마음정형외과의원,0,"경상남도 창원시 진해구 용원로 9 (용원동, 엠파이어빌딩 402호)",민간,2003-10-23,진해구,웅동2동
866,남철우내과의원,0,"경상남도 창원시 진해구 안골로 338, 2층 (용원동, 드림빌딩)",민간,2003-03-14,진해구,웅동2동
887,박광선소아청소년과의원,0,"경상남도 창원시 진해구 안골로 344, 용원마이다스빌딩 3층 303호 (용원동)",민간,1989-07-24,진해구,웅동2동
2296,수민치과의원,0,"경상남도 창원시 진해구 신항4로 58, 오송스퀘어 2층 205호 (용원동)",민간,2018-06-25,진해구,웅동2동
2308,명성치과의원,0,"경상남도 창원시 진해구 안골로 338, 2층 (용원동, 드림빌딩)",민간,2011-08-09,진해구,웅동2동
2309,서울경희치과의원,0,"경상남도 창원시 진해구 안골로 339, 202호 (용원동, 코아루아파트)",민간,2011-08-02,진해구,웅동2동
2314,진해웰치과의원,0,"경상남도 창원시 진해구 용원로7번길 9, 401호 (용원동, 서정빌딩)",민간,2010-01-15,진해구,웅동2동
2323,정부부치과의원,0,"경상남도 창원시 진해구 안골로 336, 5층 502호 (용원동, 용원메디칼)",민간,2006-04-21,진해구,웅동2동
2326,하나치과의원,0,"경상남도 창원시 진해구 안골로 344, 201호 (용원동, 용원마이다스빌딩)",민간,2004-09-03,진해구,웅동2동
2329,아름치과의원,0,"경상남도 창원시 진해구 용원로 9, 3층 307호 (용원동, 엠파이어상가)",민간,2003-02-20,진해구,웅동2동
2330,용원치과의원,0,"경상남도 창원시 진해구 안청북로 33, 202호 (청안동, 풍림아파트상가)",민간,2002-07-12,진해구,웅동2동
2331,하얀미소치과의원,0,"경상남도 창원시 진해구 용원로 31, 501호 (용원동, 용원복지회관)",민간,2002-04-20,진해구,웅동2동
3185,열린한의원,0,"경상남도 창원시 진해구 안골로 344, 204호 (용원동, 용원마이다스빌딩)",민간,2009-12-29,진해구,웅동2동
3190,미즈아이청담한의원,0,"경상남도 창원시 진해구 안청남로 36, 2층 (안골동)",민간,2008-09-05,진해구,웅동2동
3192,장수한의원,0,경상남도 창원시 진해구 용원로 95 (용원동),민간,2006-11-01,진해구,웅동2동
3196,이상헌한의원,0,"경상남도 창원시 진해구 안골로 348, 301호 (용원동, 용원그랜드쇼핑)",민간,2006-04-11,진해구,웅동2동
3200,문화한의원,0,"경상남도 창원시 진해구 용원로 9, 3층 (용원동, 엠파이어상가)",민간,2003-06-04,진해구,웅동2동
3203,성진한의원,0,경상남도 창원시 진해구 용원로 88-1 (용원동),민간,2002-04-19,진해구,웅동2동
3205,낙영한의원,0,경상남도 창원시 진해구 용원로 63 (용원동),민간,1997-10-11,진해구,웅동2동
811,이현연합의원,0,"경상남도 창원시 진해구 신항동로 141, 2층 205,217호 (용원동, 애플타운 헤리티지)",민간,2020-08-28,진해구,웅동2동
817,신항내과의원,0,"경상남도 창원시 진해구 신항동로 141, 210호 (용원동, 애플타운 헤리티지)",민간,2018-12-14,진해구,웅동2동
815,엘소아청소년과의원,0,"경상남도 창원시 진해구 남영로 56, 더원프라자 3층 302호 (남문동)",민간,2019-05-08,진해구,웅천동
882,웅천제림의원,0,경상남도 창원시 진해구 웅천중로 52 (남문동),민간,1995-04-04,진해구,웅천동
2299,남문치과의원,0,"경상남도 창원시 진해구 남영로 48, 302호 (남문동, 일등프라자)",민간,2017-08-22,진해구,웅천동
3174,남문한의원,0,"경상남도 창원시 진해구 남영로 48, 일등프라자 3층 301호 (남문동)",민간,2018-07-02,진해구,웅천동
3209,창제당한의원,0,"경상남도 창원시 진해구 남영로 56, 더원프라자 3층 301호 (남문동)",민간,1992-03-27,진해구,웅천동
212,의료법인합포의료재단마산우리요양병원,228,"경상남도 창원시 마산합포구 해안대로 35 (해운동, MH우리병원)",민간,2016-04-21,마산합포구,월용동
602,더블유이비인후과의원,0,"경상남도 창원시 마산합포구 월영남로 3, 403호 (해운동)",민간,2019-01-07,마산합포구,월용동
611,수미래의원,0,"경상남도 창원시 마산합포구 월영남로 3, 3층 (해운동)",민간,2017-09-15,마산합포구,월용동
678,위즈여성외과의원,0,"경상남도 창원시 마산합포구 해안대로 11 (해운동, 월드프라자)",민간,2005-06-02,마산합포구,월용동
696,김수영신경외과의원,0,"경상남도 창원시 마산합포구 월영남로 3, 4층 401.402호 (해운동)",민간,2002-12-02,마산합포구,월용동
703,정정은산부인과의원,1,"경상남도 창원시 마산합포구 가포로 8 (해운동, 선진빌딩)",민간,2002-06-04,마산합포구,월용동
706,마산밝은안과의원,0,"경상남도 창원시 마산합포구 해안대로 15 (해운동, 파라다이스빌딩)",민간,2002-03-14,마산합포구,월용동
714,누리안과의원,0,"경상남도 창원시 마산합포구 가포로 8 (해운동, 선진빌딩)",민간,2001-07-06,마산합포구,월용동
726,신세계산부인과의원,0,"경상남도 창원시 마산합포구 해안대로 15 (해운동, 파라다이스빌딩)",민간,2000-07-05,마산합포구,월용동
734,이호성피부과의원,0,"경상남도 창원시 마산합포구 가포로 8 (해운동, 선진빌딩)",민간,1999-12-20,마산합포구,월용동
751,회성마취통증의학과의원,0,"경상남도 창원시 마산합포구 가포로 12 (해운동, 선진상가)",민간,1996-10-07,마산합포구,월용동
758,배비뇨기과의원,0,"경상남도 창원시 마산합포구 해안대로 11 (해운동, 월드프라자)",민간,1992-04-22,마산합포구,월용동
760,김영조내과의원,0,"경상남도 창원시 마산합포구 가포로 12 (해운동, 선진상가)",민간,1991-04-24,마산합포구,월용동
762,김형곤이비인후과의원,0,"경상남도 창원시 마산합포구 가포로 12 (해운동, 선진상가)",민간,1990-06-26,마산합포구,월용동
765,서영도내과의원,0,"경상남도 창원시 마산합포구 3·15대로 6 (해운동, 다우빌딩)",민간,1989-06-28,마산합포구,월용동
1972,문석호정신건강의학과의원,0,"경상남도 창원시 마산합포구 해안대로 15, 파라다이스빌딩 4층 404-3호 (해운동)",민간,2018-05-09,마산합포구,월용동
1979,제일신경정신과의원,0,"경상남도 창원시 마산합포구 가포로 12 (해운동, 선진상가)",민간,1991-02-04,마산합포구,월용동
2195,하이연세치과의원,0,경상남도 창원시 마산합포구 월영남로 3 (해운동),민간,2015-01-26,마산합포구,월용동
2235,화이트치과의원,0,"경상남도 창원시 마산합포구 해안대로 25 (해운동, 동방그랜드타운)",민간,2002-05-23,마산합포구,월용동
2253,이현주치과의원,0,"경상남도 창원시 마산합포구 가포로 12 (해운동, 선진상가)",민간,1996-03-08,마산합포구,월용동
2255,연세치과의원,0,"경상남도 창원시 마산합포구 해안대로 15 (해운동, 파라다이스빌딩)",민간,1995-04-08,마산합포구,월용동
2264,이유철치과의원,0,"경상남도 창원시 마산합포구 가포로 1 (해운동, 대경상가)",민간,1991-01-25,마산합포구,월용동
2266,강진호치과의원,0,"경상남도 창원시 마산합포구 가포로 6 (해운동, 일성온천)",민간,1990-05-16,마산합포구,월용동
3096,만지한의원,0,경상남도 창원시 마산합포구 해안대로 25 (해운동),민간,2011-07-05,마산합포구,월용동
3135,피브로한의원,0,"경상남도 창원시 마산합포구 해안대로 15 (해운동, 파라다이스빌딩)",민간,2000-10-19,마산합포구,월용동
3142,허성배한의원,0,"경상남도 창원시 마산합포구 가포로 12 (해운동, 선진상가)",민간,1996-09-15,마산합포구,월용동
3144,오창록한의원,0,경상남도 창원시 마산합포구 월영남로 7 (해운동),민간,1995-09-21,마산합포구,월용동
41,윤병원,44,경상남도 창원시 의창구 서상로12번길 57 (서상동),민간,1993-03-17,의창구,의창동
199,창산요양병원,199,경상남도 창원시 의창구 의안로2번길 31 (소답동),민간,2014-06-11,의창구,의창동
378,창원퍼스트피부과의원,0,"경상남도 창원시 의창구 평산로207번길 4, 킹덤시티 5층 501호, 6층 601-602호 (서상동)",민간,2017-10-11,의창구,의창동
414,최명길의원,0,경상남도 창원시 의창구 서상로11번길 3 (동정동),민간,2014-01-28,의창구,의창동
422,다나신경외과의원,9,경상남도 창원시 의창구 읍성로 23-3 (서상동),민간,2013-01-17,의창구,의창동
431,운경병리과의원,0,경상남도 창원시 의창구 의창대로247번길 13 (소답동),민간,2012-03-16,의창구,의창동
475,서울외과의원,0,"경상남도 창원시 의창구 서상로 69 (서상동, 정원빌딩2층)",민간,2005-08-17,의창구,의창동
488,한미항외과의원,9,"경상남도 창원시 의창구 의안로2번길 15 (소답동, 3,4층)",민간,2004-04-01,의창구,의창동
492,신세계비뇨기과의원,0,"경상남도 창원시 의창구 의안로2번길 15 (소답동, 1층)",민간,2003-10-22,의창구,의창동
497,강내과의원,0,"경상남도 창원시 의창구 천주로 24 (서상동, 2층)",민간,2003-01-18,의창구,의창동
506,박성희소아청소년과의원,0,"경상남도 창원시 의창구 읍성로 60, 3층 (소답동)",민간,2002-05-02,의창구,의창동
566,이대규내과의원,0,경상남도 창원시 의창구 읍성로 77 (소답동),민간,1993-06-17,의창구,의창동
579,엘르메디산부인과의원,9,"경상남도 창원시 의창구 서상로 1 (동정동, 엘르메디의원)",민간,1990-09-14,의창구,의창동
1962,이도윤정신건강의학과의원,0,"경상남도 창원시 의창구 의안로 41, 3층 (소답동, 성림메디칼빌딩)",민간,2017-01-25,의창구,의창동
2031,정치과의원,0,"경상남도 창원시 의창구 평산로207번길 4, 4층 405,406호 (서상동)",개인,2017-08-16,의창구,의창동
2097,그린치과의원,0,"경상남도 창원시 의창구 의안로 41 (소답동, 4층)",개인,2005-03-05,의창구,의창동
2114,건미치과의원,0,경상남도 창원시 의창구 읍성로 78 (소답동),개인,2001-05-28,의창구,의창동
2138,경남치과의원,0,"경상남도 창원시 의창구 의안로2번길 37 (소답동, 에은빌딩)",개인,1996-02-15,의창구,의창동
2139,동현치과의원,0,"경상남도 창원시 의창구 읍성로 57 (소답동, 형제상가2 층)",개인,1995-07-28,의창구,의창동
2941,손한의원,0,"경상남도 창원시 의창구 평산로207번길 4, 5층 507호 (서상동)",개인,2017-10-10,의창구,의창동
3007,명신부부한의원,0,"경상남도 창원시 의창구 읍성로 78 (소답동, 명신부부한의원)",개인,2006-09-01,의창구,의창동
3009,코비한의원,0,"경상남도 창원시 의창구 의안로2번길 37, 에은빌딩 4층 (소답동)",개인,2006-03-30,의창구,의창동
3013,참경희한의원,0,"경상남도 창원시 의창구 서상로 71 (서상동, 세경빌딩)",개인,2004-05-01,의창구,의창동
3014,흥시윤한의원,0,"경상남도 창원시 의창구 읍성로 71, 원창상가 5층 501,502,503호 (소답동)",개인,2004-01-31,의창구,의창동
3020,유진한의원,0,"경상남도 창원시 의창구 서상로 37, 1층 101호 (서상동)",개인,2003-04-09,의창구,의창동
3045,동인한의원,0,"경상남도 창원시 의창구 읍성로 86, 1층 (소답동)",개인,1993-02-11,의창구,의창동
3056,장수한의원,0,"경상남도 창원시 의창구 읍성로 67 (소답동, 장수한의원)",개인,1991-05-09,의창구,의창동
34,메트로병원,240,경상남도 창원시 의창구 평산로219번길 3 (중동),민간,2008-09-08,의창구,의창동
350,상쾌한내과이비인후과의원,0,"경상남도 창원시 의창구 중동중앙로 83, 디세븐파크 4층 408-411호 (중동)",민간,2021-06-17,의창구,의창동
352,신세계이비인후과의원,3,"경상남도 창원시 의창구 중동중앙로 79, 에스제이빌딩 2층 201호 (중동)",민간,2021-05-25,의창구,의창동
409,신비성형외과의원,0,"경상남도 창원시 의창구 중동중앙로 47, 어반브릭스 4007,4008호 (중동)",민간,2014-06-25,의창구,의창동
479,이안과의원,0,경상남도 창원시 의창구 읍성로 46 (중동),민간,2005-02-04,의창구,의창동
487,창원의원,0,경상남도 창원시 의창구 읍성로 35-1 (북동),민간,2004-05-18,의창구,의창동
490,속시원내과방사선과의원,0,"경상남도 창원시 의창구 의안로31번길 28-5 (중동, 성우빌딩3,4층)",민간,2004-01-11,의창구,의창동
524,최정미산부인과의원,0,경상남도 창원시 의창구 읍성로 38 (중동),민간,2001-02-07,의창구,의창동
527,김서규이비인후과의원,0,"경상남도 창원시 의창구 의안로31번길 28-10 (중동, 이제메디칼3층)",민간,2000-10-31,의창구,의창동
534,정마취통증의학과의원,0,경상남도 창원시 의창구 의안로31번길 28-5 (중동),민간,1999-06-23,의창구,의창동
536,중앙내과방사선과의원,0,"경상남도 창원시 의창구 읍성로 46 (중동, 덕산메디칼)",민간,1999-05-07,의창구,의창동
2014,유니스타치과보철과치과의원,0,"경상남도 창원시 의창구 중동중앙로 47, 어반브릭스 TOWER 4층 414~418호 (중동)",개인,2020-04-22,의창구,의창동
2015,더끌림치과의원,0,"경상남도 창원시 의창구 중동중앙로 47, 어반브릭스 STUDIO STREET MALL동 4층 4037,4038호 (중동)",개인,2020-04-02,의창구,의창동
2016,카이스트용치과의원,0,"경상남도 창원시 의창구 중동중앙로 47, 어반브릭스 STUDIO STREET MALL동 4층 4003호 (중동)",개인,2020-04-02,의창구,의창동
2017,다함치과의원,0,"경상남도 창원시 의창구 중동중앙로 47, 어반브릭스 STUDIO STREET MALL 4층 4001호 (중동)",개인,2020-03-26,의창구,의창동
2018,유니치과의원,0,"경상남도 창원시 의창구 중동중앙로 47, 어반브릭스 STUDIO STREET MALL 4층 4033,4034호 (중동)",개인,2020-03-11,의창구,의창동
2053,즐거운나치과의원,0,경상남도 창원시 의창구 평산로215번길 215 (중동),개인,2012-12-11,의창구,의창동
2127,최치과의원,0,"경상남도 창원시 의창구 읍성로33번길 2, 2층 (북동, 장소아과의원)",개인,1998-11-23,의창구,의창동
2136,박재간치과의원,0,경상남도 창원시 의창구 평산로219번길 47 (중동),개인,1996-08-05,의창구,의창동
2145,이재치과의원,0,"경상남도 창원시 의창구 의안로31번길 28-10 (중동, 이제메디칼)",개인,1994-12-06,의창구,의창동
2930,수강한의원,0,"경상남도 창원시 의창구 읍성로 45, 2층 (중동)",개인,2020-10-07,의창구,의창동
2931,금송한의원,0,"경상남도 창원시 의창구 중동중앙로 47, 어반브릭스 STUDIO STREET MALL 4층 4018, 4019호 (중동)",개인,2020-07-13,의창구,의창동
3019,진산한의원,0,경상남도 창원시 의창구 읍성로33번길 2-1 (북동),개인,2003-06-25,의창구,의창동
10,연세에스병원,291,경상남도 창원시 진해구 해원로32번길 13,민간,2003-12-05,진해구,이동
3202,해군해양한의원,0,경싱남도 창원시 진해구 진해대로 963번길 35,국립,2002-07-10,진해구,자은동
65,진해성모병원,68,"경상남도 창원시 진해구 행암로 12, 엠에스빌딩",민간,2020-11-20,진해구,장천동
470,내동의원,0,경상남도 창원시 성산구 창원대로 726 (내동),민간,2006-03-06,성산구,중앙동
2143,내동치과의원,0,"경상남도 창원시 성산구 창원대로 726, 16,17,32호 (내동, 내동상가아파트)",개인,1995-04-13,성산구,중앙동
2149,창원치과의원,0,"경상남도 창원시 의창구 창원천로 34, 상가동 2층 217,218,219,220호 (대원동, 대원 꿈에그린)",개인,1994-05-03,의창구,중앙동
2156,박재홍치과의원,0,"경상남도 창원시 성산구 연덕로184번길 48 (내동, 공단상가)",개인,1991-08-14,성산구,중앙동
50,의료법인우암의료재단 진동태봉병원,60,"경상남도 창원시 마산합포구 동전고개로 2, 진동태봉병원",민간,2009-10-14,마산합포구,진동면
857,지은경소아청소년과의원,0,경상남도 창원시 진해구 벚꽃로 54 (대흥동),민간,2005-07-18,진해구,충무동
886,이영구이비인후과의원,0,"경상남도 창원시 진해구 벚꽃로 60-1, 1층 (송학동)",민간,1992-07-01,진해구,충무동
893,박피부과의원,0,경상남도 창원시 진해구 벚꽃로 56-2 (송학동),민간,1974-05-31,진해구,충무동
2339,수정치과의원,0,경상남도 창원시 진해구 벚꽃로 53 (송학동),민간,1985-02-09,진해구,충무동
3180,정한의원,0,경상남도 창원시 진해구 중원서로 65 (창선동),민간,2014-01-13,진해구,충무동
3187,미소한의원,0,경상남도 창원시 진해구 벚꽃로 68-1 (화천동),민간,2009-06-09,진해구,충무동
3207,청수한의원,0,경상남도 창원시 진해구 중원동로 27 (근화동),민간,1993-05-11,진해구,충무동
30,굿모닝내과병원,47,경상남도 창원시 의창구 사화로 6 (팔용동),민간,2014-09-11,의창구,팔룡동
31,의료법인 상원의료재단 창원힘찬병원,123,경상남도 창원시 의창구 의창대로 45 (소계동),민간,2013-10-18,의창구,팔룡동
178,서울한방병원,70,"경상남도 창원시 의창구 평산로 102, 녹주빌딩 2,3층 (팔용동)",민간,2019-09-12,의창구,팔룡동
193,예정요양병원,220,"경상남도 창원시 의창구 팔용로 319, 반계동 요양병원 A동 지하1~지상4층 (반계동)",민간,2019-12-27,의창구,팔룡동
195,서라벌요양병원,198,"경상남도 창원시 의창구 남산로17번길 28, 2층, 3층 (팔용동, 팔용에이스빌딩 2,3층)",민간,2015-08-26,의창구,팔룡동
200,의료법인 청민의료재단 참사랑요양병원,143,경상남도 창원시 의창구 남산로1번길 60 (팔용동),민간,2008-11-06,의창구,팔룡동
202,푸른요양병원,679,경상남도 창원시 의창구 창원천로94번길 82-18 (대원동),민간,2008-03-31,의창구,팔룡동
353,창원수신경외과의원,0,"경상남도 창원시 의창구 팔용로 428, 드림피아 2층 206-209호 (팔용동)",민간,2021-05-24,의창구,팔룡동
357,킹남성의원,0,"경상남도 창원시 의창구 의창대로 72, 현대메디칼 10층 (팔용동)",민간,2020-08-07,의창구,팔룡동
399,파티마안과의원,0,"경상남도 창원시 의창구 원이대로 320, 더시티세븐 트레이드센터 301,302,401호 (대원동)",민간,2015-07-06,의창구,팔룡동
404,온누리내과의원,0,"경상남도 창원시 의창구 창이대로15번길 24 (팔용동, 서주빌딩)",민간,2015-01-02,의창구,팔룡동
412,행복한아이들의원,0,"경상남도 창원시 의창구 원이대로 320 (대원동, 더시티세븐 제티-402호)",민간,2014-01-28,의창구,팔룡동
420,위드내과의원,0,"경상남도 창원시 의창구 팔용로 438 (팔용동, 팔용종합상가 401,406호)",민간,2013-03-19,의창구,팔룡동
426,문영일이비인후과의원,0,경상남도 창원시 의창구 팔용로 428 (팔용동),민간,2012-08-01,의창구,팔룡동
433,아이사랑소아청소년과의원,0,"경상남도 창원시 의창구 평산로 96 (팔용동, 웰빙프라자308호일부)",민간,2011-12-12,의창구,팔룡동
438,끌림365의원,0,경상남도 창원시 의창구 원이대로 320 (대원동),민간,2011-04-26,의창구,팔룡동
439,브랜든시티의원,0,"경상남도 창원시 의창구 원이대로 320, 더시티세븐 T동 601호 (대원동)",민간,2011-01-11,의창구,팔룡동
443,석재활의학과의원,0,"경상남도 창원시 의창구 팔용로 429 (팔용동, 팔용프라자204호)",민간,2010-02-17,의창구,팔룡동
450,로즈맘여성산부인과의원,10,"경상남도 창원시 의창구 평산로 96 (팔용동, (웰빙프라자309,310호))",민간,2009-04-24,의창구,팔룡동
454,아름다운산부인과 의원,3,"경상남도 창원시 의창구 팔용로 442 (팔용동, KB빌딩4층)",민간,2008-09-04,의창구,팔룡동
456,서울비뇨의학과의원,0,"경상남도 창원시 의창구 팔용로 438, 팔용종합상가 3층 307호 (팔용동)",민간,2008-04-21,의창구,팔룡동
460,청솔신경과의원,0,"경상남도 창원시 의창구 소계로90번길 3-1 (소계동, 1층)",민간,2007-07-05,의창구,팔룡동
465,굿모닝외과의원,7,경상남도 창원시 의창구 사화로 6 (팔용동),민간,2006-09-29,의창구,팔룡동
468,메디포맨남성의원,0,"경상남도 창원시 의창구 의창대로62번길 2, 10층 (팔용동, 동영오피스 10층)",민간,2006-06-14,의창구,팔룡동
481,박희용의원,0,"경상남도 창원시 의창구 팔용로 428 (팔용동, 드림피아상가406호)",민간,2005-02-03,의창구,팔룡동
491,삼성이비인후과의원,0,경상남도 창원시 의창구 팔용로 439 (팔용동),민간,2004-01-08,의창구,팔룡동
515,안호준피부비뇨기과의원,0,"경상남도 창원시 의창구 의창대로 72 (팔용동, 현대메디칼)",민간,2001-09-18,의창구,팔룡동
521,조상일정형외과의원,26,"경상남도 창원시 의창구 남산로 3 (팔용동, 현대빌딩)",민간,2001-04-07,의창구,팔룡동
523,박찬흠마취통증의학과의원,0,"경상남도 창원시 의창구 의창대로62번길 2 (팔용동, 동영오피스)",민간,2001-02-26,의창구,팔룡동
526,황내과의원,0,"경상남도 창원시 의창구 창원천로 34, 2층 207-209호 (대원동, 대원 꿈에그린)",민간,2000-12-23,의창구,팔룡동
532,이종인소아청소년과의원,0,"경상남도 창원시 의창구 반계로 98 (팔용동, 벽산블루밍아파트 상가)",민간,1999-08-16,의창구,팔룡동
533,김내과의원,0,"경상남도 창원시 의창구 반계로 98 (팔용동, 벽산블루밍아파트 상가)",민간,1999-07-29,의창구,팔룡동
568,세준검진의원,0,"경상남도 창원시 의창구 원이대로 320 (대원동, 더시티세븐상업동T501-2호)",민간,1992-06-25,의창구,팔룡동
572,메디컬조의원,0,"경상남도 창원시 의창구 소계로 83-5 (소계동, 해맑은한의원)",민간,1992-02-27,의창구,팔룡동
580,허내과의원,0,경상남도 창원시 의창구 소계로84번길 3 (소계동),민간,1990-05-01,의창구,팔룡동
2024,우리홈치과의원,0,"경상남도 창원시 의창구 창원대로 415, 삼성홈플러스 지하1층 (팔용동)",개인,2018-11-30,의창구,팔룡동
2048,로덴치과의원,0,경상남도 창원시 의창구 팔용로 419 (팔용동),개인,2014-02-21,의창구,팔룡동
2066,굿플란트치과의원,0,"경상남도 창원시 의창구 원이대로 320 (대원동, 더시티세븐 T-701호)",개인,2010-07-05,의창구,팔룡동
2068,서원치과의원,0,"경상남도 창원시 의창구 반계로 97 (팔용동, 창대빌딩)",개인,2009-09-17,의창구,팔룡동
2072,평온치과의원,0,"경상남도 창원시 의창구 소계로84번길 2 (소계동, 평온치과의원)",개인,2009-01-21,의창구,팔룡동
2084,참진치과의원,0,"경상남도 창원시 의창구 팔용로 442 (팔용동, KB빌딩)",개인,2007-09-11,의창구,팔룡동
2100,미소사랑치과의원,0,"경상남도 창원시 의창구 팔용로 439 (팔용동, 사화빌딩)",개인,2004-01-18,의창구,팔룡동
2112,화이트치과의원,0,"경상남도 창원시 의창구 팔용로 429 (팔용동, 팔용프라자)",개인,2002-07-13,의창구,팔룡동
2119,함성원치과의원,0,"경상남도 창원시 의창구 팔용로 428 (팔용동, 드림피아)",개인,2000-03-09,의창구,팔룡동
2120,조은치과의원,0,"경상남도 창원시 의창구 반계로 98, 3층 302,303,304호 (팔용동, 벽산블루밍아파트 상가)",개인,1999-12-27,의창구,팔룡동
2124,소계권치과의원,0,"경상남도 창원시 의창구 소계로90번길 10 (소계동, 정원연립)",개인,1999-02-20,의창구,팔룡동
2135,우리들치과의원,0,"경상남도 창원시 의창구 반계로 105 (팔용동, 대동중앙아파트)",개인,1996-10-30,의창구,팔룡동
2144,남치과의원,0,"경상남도 창원시 의창구 의창대로62번길 2 (팔용동, 동영오피스)",개인,1995-03-15,의창구,팔룡동
2159,이플치과의원,0,"경상남도 창원시 의창구 평산로 96, 웰빙프라자 2층 209호 (팔용동)",개인,1991-05-06,의창구,팔룡동
2169,박병욱치과의원,0,"경상남도 창원시 의창구 팔용로 438 (팔용동, 팔용종합상가 403호)",개인,1988-05-12,의창구,팔룡동
2934,윤슬한의원,0,"경상남도 창원시 의창구 원이대로 320, 더시티세븐 T동 703호 (대원동)",개인,2019-12-06,의창구,팔룡동
2968,몸그린한의원,0,"경상남도 창원시 의창구 팔용로 429 (팔용동, 팔용프라자 205호)",개인,2014-02-04,의창구,팔룡동
2987,홍한의원,0,"경상남도 창원시 의창구 소계로 91-1 (소계동, 2층)",개인,2011-01-26,의창구,팔룡동
3001,해맑은한의원,0,"경상남도 창원시 의창구 소계로 83-5 (소계동, 해맑은한의원)",개인,2007-12-24,의창구,팔룡동
3016,대성한의원,0,"경상남도 창원시 의창구 팔용로 428 (팔용동, 드림피아)",개인,2003-11-17,의창구,팔룡동
3022,코아한의원,0,"경상남도 창원시 의창구 팔용로443번길 1 (팔용동, 혜성빌딩)",개인,2003-04-01,의창구,팔룡동
3038,원광한의원,0,"경상남도 창원시 의창구 팔용로 429 (팔용동, 팔용프라자)",개인,1995-03-08,의창구,팔룡동
3048,제가한의원,0,"경상남도 창원시 의창구 팔용로 438, 404호 (팔용동, 팔용종합상가)",개인,1992-08-19,의창구,팔룡동
3049,제일한의원,0,"경상남도 창원시 의창구 반계로 105 (팔용동, 대동중앙아파트)",개인,1992-07-22,의창구,팔룡동
3054,경희대화한의원,0,"경상남도 창원시 의창구 팔용로 438, 402호 (팔용동, 팔용종합상가)",개인,1991-10-25,의창구,팔룡동
3058,경희수한의원,0,"경상남도 창원시 의창구 대원로93번길 6, 창원두대우체국  2층 일부호 (대원동)",개인,1991-01-30,의창구,팔룡동
3068,제민한의원,0,경상남도 창원시 의창구 소계로84번길 4 (소계동),개인,1988-04-29,의창구,팔룡동
3733,현대로템주식회사부속의원,0,경상남도 창원시 의창구 창원대로 488 (대원동),민간,2004-07-09,의창구,팔룡동
328,동양의료재단연세사랑병원,305,경상남도 창원시 진해구 행암로 76 (장천동),민간,2009-01-13,진해구,풍호동
812,연세속편한내과의원,0,"경상남도 창원시 진해구 충장로657번길 28, 이엠시티빌딩 3층 303,304호 (장천동)",민간,2020-07-28,진해구,풍호동
818,수소아청소년과의원,0,"경상남도 창원시 진해구 충장로657번길 20, 현대빌딩 2층 201호 (장천동)",민간,2018-11-16,진해구,풍호동
821,행복플러스내과의원,0,"경상남도 창원시 진해구 충장로657번길 30, 1층 (장천동)",민간,2017-04-11,진해구,풍호동
823,바른재활의학과의원,0,"경상남도 창원시 진해구 충장로657번길 20 (장천동, 현대빌딩 402, 403호)",민간,2016-12-19,진해구,풍호동
825,파티마이비인후과 의원,0,"경상남도 창원시 진해구 충장로657번길 28, 5층 (장천동, 이엠시티빌딩 507호)",민간,2016-08-16,진해구,풍호동
1981,이끌림정신건강의학과의원,0,"경상남도 창원시 진해구 진해대로1114번길 15, 가동 3층 (장천동)",민간,2020-12-23,진해구,풍호동
2302,진해에이스치과의원,0,"경상남도 창원시 진해구 충장로657번길 28, 5층 (장천동, 이엠시티 빌딩 (505,506호))",민간,2016-08-16,진해구,풍호동
2335,공진철치과의원,0,"경상남도 창원시 진해구 충장로657번길 20 (장천동, 현대빌딩 5층(502, 503호))",민간,1998-04-29,진해구,풍호동
2341,서울성모치과의원,0,"경상남도 창원시 진해구 행암로12, 장천동MS빌딩",민간,2021-04-05,진해구,풍호동
3176,김승현한의원,0,"경상남도 창원시 진해구 충장로657번길 20, 203호 (장천동, 현대빌딩)",민간,2016-12-27,진해구,풍호동
3201,석동한의원,0,"경상남도 창원시 진해구 충장로657번길 4, 201호 (장천동)",민간,2002-09-04,진해구,풍호동
215,의료법인성인의료재단이에이씨창원요양병원,544,경상남도 창원시 마산합포구 가포로 652 (덕동동),민간,2013-06-10,마산합포구,현동
217,큰사랑요양병원,366,경상남도 창원시 마산회원구 북성로 469 (두척동),민간,2010-11-11,마산회원구,회성동
224,마산요양병원,129,"경상남도 창원시 마산회원구 무학로 619 (회원동, 마산노인병원)",민간,2000-05-15,마산회원구,회원2동
629,김앤김내과의원,0,"경상남도 창원시 마산회원구 북성로 106 (회원동, 환금프라자)",민간,2013-03-07,마산회원구,회원2동
641,회원마취통증의학과의원,0,"경상남도 창원시 마산회원구 북성로 138 (회원동, 천지리치빌)",민간,2010-02-16,마산회원구,회원2동
665,굿모닝정형외과의원,0,"경상남도 창원시 마산회원구 북성로 106 (회원동, 환금프라자)",민간,2006-09-14,마산회원구,회원2동
682,동원내과의원,0,경상남도 창원시 마산회원구 회원북13길 5 (회원동),민간,2004-10-25,마산회원구,회원2동
720,중앙자모의원,29,경상남도 창원시 마산회원구 3·15대로 485 (회원동),민간,2001-04-17,마산회원구,회원2동
729,재건항운외과의원,4,"경상남도 창원시 마산회원구 북성로 107 (회원동, 재건약국)",민간,2000-03-30,마산회원구,회원2동
730,성심내과의원,0,"경상남도 창원시 마산회원구 북성로 109 (회원동, 성심신경정형외과)",민간,2000-03-08,마산회원구,회원2동
731,성심방사선과의원,0,경상남도 창원시 마산회원구 북성로 109 (회원동),민간,2000-03-08,마산회원구,회원2동
749,김용태내과의원,0,"경상남도 창원시 마산회원구 북성로 120 (회원동, 김용태내과의원)",민간,1997-11-11,마산회원구,회원2동
767,이동헌비뇨기과의원,0,"경상남도 창원시 마산회원구 회원동15길 11 (회원동, 천지리치빌)",민간,1989-03-27,마산회원구,회원2동
770,세일정형외과의원,0,"경상남도 창원시 마산회원구 북성로 120-1 (회원동, 서일정형외과의원)",민간,1988-11-10,마산회원구,회원2동
778,이인걸내과의원,0,"경상남도 창원시 마산회원구 북성로 119 (회원동, 이인걸내과의원)",민간,1986-04-02,마산회원구,회원2동
783,고려의원,3,"경상남도 창원시 마산회원구 회원남로 83 (회원동, 고려산부인과)",민간,1985-05-29,마산회원구,회원2동
790,북마산정형외과의원,0,"경상남도 창원시 마산회원구 북성로 139 (회원동, 북마산정형외과)",민간,1983-05-26,마산회원구,회원2동
798,성심마취통증의학과의원,0,"경상남도 창원시 마산회원구 북성로 109 (회원동, 성심신경정형외과)",민간,1979-05-02,마산회원구,회원2동
2179,라임치과의원,0,"경상남도 창원시 마산회원구 회원동15길 11, 천지리치빌 2층 206호 (회원동)",민간,2019-04-16,마산회원구,회원2동
2228,대학치과의원,0,"경상남도 창원시 마산회원구 북성로 120 (회원동, 김용태내과의원)",민간,2005-09-02,마산회원구,회원2동
2250,박윤규치과의원,0,경상남도 창원시 마산회원구 회원남로 81 (회원동),민간,1996-07-13,마산회원구,회원2동
2254,손경준치과의원,0,"경상남도 창원시 마산회원구 북성로 125 (회원동, 삼성메르빌)",민간,1996-01-23,마산회원구,회원2동
2258,세일치과의원,0,"경상남도 창원시 마산회원구 북성로 106 (회원동, 환금프라자)",민간,1993-07-01,마산회원구,회원2동
2262,박노수치과의원,0,경상남도 창원시 마산회원구 북성로 109 (회원동),민간,1991-05-18,마산회원구,회원2동
2270,이병황치과의원,0,경상남도 창원시 마산회원구 북성로 161 (회원동),민간,1989-10-12,마산회원구,회원2동
3074,더나은한의원,0,"경상남도 창원시 마산회원구 회원동15길 11, 천지리치빌 3층 305호 (회원동)",민간,2018-06-12,마산회원구,회원2동
3118,명수한의원,0,"경상남도 창원시 마산회원구 회원남1길 49 (회원동, 삼성메르빌)",민간,2005-02-04,마산회원구,회원2동
3125,장수한의원,0,"경상남도 창원시 마산회원구 회원동서로 34, 동화빌딩 (회원동)",민간,2002-07-25,마산회원구,회원2동
3140,바로서한의원,0,"경상남도 창원시 마산회원구 북성로 106 (회원동, 환금프라자)",민간,1997-04-11,마산회원구,회원2동
3141,임동진한의원,0,"경상남도 창원시 마산회원구 북성로 118 (회원동, 한효프라자 빌딩)",민간,1997-01-07,마산회원구,회원2동
3165,박창원한의원,0,"경상남도 창원시 마산회원구 회원동1길 15-1 (회원동, 박창원한의원)",민간,1983-06-17,마산회원구,회원2동
